-- Adminer 4.6.3 MySQL dump

SET NAMES utf8;
SET time_zone = '+00:00';
SET foreign_key_checks = 0;
SET sql_mode = 'NO_AUTO_VALUE_ON_ZERO';

DROP TABLE IF EXISTS `accountancy_service`;
CREATE TABLE `accountancy_service` (
  `id` int(11) NOT NULL AUTO_INCREMENT,
  `accountancy_service_category_id` int(11) NOT NULL,
  `name` varchar(255) COLLATE utf8_czech_ci NOT NULL,
  `description` text COLLATE utf8_czech_ci,
  `item_price` float(10,2) NOT NULL,
  `items_month` int(11) DEFAULT NULL,
  `fee` tinyint(4) NOT NULL DEFAULT '1' COMMENT 'pausalni balicek',
  `position` int(11) NOT NULL,
  PRIMARY KEY (`id`),
  KEY `accountancy_service_category_id` (`accountancy_service_category_id`),
  CONSTRAINT `accountancy_service_ibfk_1` FOREIGN KEY (`accountancy_service_category_id`) REFERENCES `accountancy_service_category` (`id`) ON DELETE CASCADE ON UPDATE CASCADE
) ENGINE=InnoDB DEFAULT CHARSET=utf8 COLLATE=utf8_czech_ci;

INSERT INTO `accountancy_service` (`id`, `accountancy_service_category_id`, `name`, `description`, `item_price`, `items_month`, `fee`, `position`) VALUES
(1,	1,	'Online Bez závazku',	'<ul>						<li>Ideální řešení do 300 položek ročně</li>					</ul>\r\n<small>Podmínkou tarifů Online je odevzdávat všechny doklady elektronicky.</small>',	30.00,	NULL,	0,	1),
(2,	1,	'Standard Bez závazku',	'<ul>\r\n<li>Minimum 2500 Kč za rok</li>\r\n</ul>',	36.00,	NULL,	0,	2),
(3,	2,	'Online Start',	'<br><small>Podmínkou tarifů Online je odevzdávat všechny doklady elektronicky.</small>',	26.00,	30,	1,	1),
(4,	2,	'Online Plus',	'<br><small>Podmínkou tarifů Online je odevzdávat všechny doklady elektronicky.</small>',	24.00,	100,	1,	2),
(5,	2,	'Online Extra',	'<br><small>Podmínkou tarifů Online je odevzdávat všechny doklady elektronicky.</small>',	20.00,	200,	1,	3),
(6,	2,	'Online Business',	'<br><small>Podmínkou tarifů Online je odevzdávat všechny doklady elektronicky.</small>',	18.00,	400,	1,	4),
(7,	2,	'Standard Start',	'',	31.00,	30,	1,	5),
(8,	2,	'Standard Plus',	'',	30.00,	100,	1,	6),
(9,	2,	'Standard Extra',	'',	24.00,	200,	1,	7),
(10,	2,	'Standard Business',	'',	21.00,	400,	1,	8);

DROP TABLE IF EXISTS `accountancy_service_category`;
CREATE TABLE `accountancy_service_category` (
  `id` int(11) NOT NULL AUTO_INCREMENT,
  `name` varchar(255) COLLATE utf8_czech_ci NOT NULL,
  `position` int(11) NOT NULL,
  PRIMARY KEY (`id`)
) ENGINE=InnoDB DEFAULT CHARSET=utf8 COLLATE=utf8_czech_ci;

INSERT INTO `accountancy_service_category` (`id`, `name`, `position`) VALUES
(1,	'Bez závazku',	1),
(2,	'Paušálové balíčky',	2);

DROP TABLE IF EXISTS `acting`;
CREATE TABLE `acting` (
  `id` int(11) NOT NULL AUTO_INCREMENT,
  `name` varchar(100) COLLATE utf8_czech_ci NOT NULL,
  `desc` varchar(200) COLLATE utf8_czech_ci NOT NULL,
  `order` int(11) NOT NULL,
  PRIMARY KEY (`id`)
) ENGINE=InnoDB DEFAULT CHARSET=utf8 COLLATE=utf8_czech_ci;

INSERT INTO `acting` (`id`, `name`, `desc`, `order`) VALUES
(1,	'jednatel zastupuje společnost samostatně',	'jednatel zastupuje společnost samostatně',	1),
(2,	'jednatelé zastupují společnost společně',	'jednatelé zastupují společnost společně',	3),
(3,	'každý z jednatelů zastupuje společnost samostatně',	'každý z jednatelů zastupuje společnost samostatně',	2),
(4,	'jiná možnost, vyplňte  (+ 500Kč bez DPH)',	'jiná možnost: ',	4);

DROP TABLE IF EXISTS `banks`;
CREATE TABLE `banks` (
  `id` int(11) NOT NULL AUTO_INCREMENT,
  `name` varchar(200) COLLATE utf8_czech_ci NOT NULL,
  `code` varchar(4) COLLATE utf8_czech_ci NOT NULL,
  `swift` varchar(100) COLLATE utf8_czech_ci NOT NULL,
  `allowed` int(11) NOT NULL,
  `position` int(11) NOT NULL DEFAULT '0',
  `payments_id` int(11) DEFAULT NULL,
  PRIMARY KEY (`id`),
  KEY `payments_id` (`payments_id`),
  CONSTRAINT `banks_ibfk_1` FOREIGN KEY (`payments_id`) REFERENCES `payments` (`id`) ON DELETE SET NULL
) ENGINE=InnoDB DEFAULT CHARSET=utf8 COLLATE=utf8_czech_ci;

INSERT INTO `banks` (`id`, `name`, `code`, `swift`, `allowed`, `position`, `payments_id`) VALUES
(2,	'Air Bank',	'3030',	'AIRACZPP',	0,	0,	NULL),
(3,	'Bank Gutmann Aktiengesellschaft',	'8231',	'IRVTBEBB',	0,	0,	NULL),
(4,	'Bank of Tokyo-Mitsubishi',	'2020',	'BOTK CZ PP',	0,	0,	NULL),
(5,	'BNP Paribas Fortis SA/NV',	'6300',	'GEBA CZ PP',	0,	0,	NULL),
(6,	'Citibank',	'2600',	'CITI CZ PX',	0,	8,	NULL),
(7,	'COMMERZBANK Aktiengesellschaft',	'6200',	'COBA CZ PX',	0,	0,	NULL),
(8,	'Crédit Agricole',	'5000',	'CRLY CZ PP',	0,	0,	NULL),
(9,	'Česká exportní banka',	'8090',	'CZEE CZ PP',	0,	0,	NULL),
(10,	'Česká národní banka',	'0710',	'CNBA CZ PP',	0,	0,	NULL),
(11,	'Česká spořitelna',	'0800',	'GIBA CZ PX',	1,	7,	NULL),
(12,	'Českomoravská stavební spořitelna',	'7960',	'nemá',	0,	0,	NULL),
(13,	'Českomoravská záruční a rozvojová banka',	'4300',	'CMZR CZ P1',	0,	0,	NULL),
(14,	'Československá obchodní banka',	'0300',	'CEKO CZ PP',	1,	2,	NULL),
(15,	'Deutsche Bank',	'7910',	'DEUT CZ PX',	0,	0,	NULL),
(16,	'Equa bank',	'6100',	'EQBKCZPP',	0,	0,	NULL),
(17,	'Evropsko-ruská banka',	'2210',	'FICHCZPP',	0,	0,	NULL),
(18,	'Expobank',	'4000',	'SOLA CZ PP',	0,	0,	NULL),
(19,	'Fio banka (+200 Kč)',	'2010',	'FIOBCZPP',	1,	6,	24),
(20,	'GE Money Bank',	'0600',	'AGBA CZ PP',	0,	0,	NULL),
(21,	'HSBC Bank plc - pobočka Praha',	'8150',	'MIDL CZ PP',	0,	0,	NULL),
(22,	'Hypoteční banka',	'2100',	'nemá',	0,	0,	NULL),
(23,	'ING Bank N. V.',	'3500',	'INGB CZ PP',	0,	0,	NULL),
(24,	'J&T BANKA',	'5800',	'JTBP CZ PP',	0,	0,	NULL),
(25,	'Komerční banka',	'0100',	'KOMB CZ PP',	1,	1,	NULL),
(26,	'mBank',	'6210',	'BREX CZ PP',	1,	5,	NULL),
(27,	'Modrá pyramida stavební spořitelna',	'7990',	'nemá',	0,	0,	NULL),
(28,	'Oberbank AG',	'8040',	'OBKL CZ 2X',	0,	0,	NULL),
(29,	'Poštová banka, a.s.',	'2240',	'POBNCZPP',	0,	0,	NULL),
(30,	'Poštovní spořitelna',	'0300',	'CEKOCZPP',	0,	0,	NULL),
(31,	'PPF banka',	'6000',	'PMBP CZ PP',	0,	0,	NULL),
(32,	'PRIVAT BANK AG',	'8200',	'nemá',	0,	0,	NULL),
(33,	'Raiffeisen stavební spořitelna',	'7950',	'nemá',	0,	0,	NULL),
(34,	'Raiffeisenbank (+500 Kč)',	'5500',	'RZBC CZ PP',	1,	4,	18),
(35,	'Raiffeisenbank im Stiftland eG',	'8030',	'GENO CZ 21',	0,	0,	NULL),
(36,	'Royal Bank of Scotland',	'5400',	'ABNA CZ PP',	0,	0,	NULL),
(37,	'Saxo Bank A/S',	'8211',	'SAXPCZP1',	0,	0,	NULL),
(38,	'Sberbank CZ',	'6800',	'VBOE CZ 2X',	0,	0,	NULL),
(39,	'Stavební spořitelna České spořitelny',	'8060',	'nemá',	0,	0,	NULL),
(40,	'Sumitomo Mitsui Banking Corporation Europe',	'8241',	'nemá',	0,	0,	NULL),
(41,	'UniCredit Bank',	'2700',	'BACX CZ PP',	1,	3,	NULL),
(42,	'Volksbank Löbau-Zittau eG',	'8221',	'nemá',	0,	0,	NULL),
(43,	'Všeobecná úverová banka',	'6700',	'SUBA CZ PP',	0,	0,	NULL),
(44,	'Waldviertler Sparkasse von 1842 AG',	'7940',	'SPWT CZ21',	0,	0,	NULL),
(45,	'Western Union International Bank',	'3040',	'nemá',	0,	0,	NULL),
(46,	'Wüstenrot - stavební spořitelna',	'7970',	'nemá',	0,	0,	NULL),
(47,	'Wüstenrot hypoteční banka',	'7980',	'nemá',	0,	0,	NULL),
(48,	'Zuno',	'2310',	'ZUNOCZPPXXX',	0,	0,	NULL),
(49,	'Akcenta',	'2030',	'AKCTCZ22',	0,	0,	NULL),
(50,	'Creditas',	'2250',	'nemá',	0,	0,	NULL),
(51,	'Moravský peněžní ústav',	'2070',	'nemá',	0,	0,	NULL),
(52,	'Peněžní dům',	'2200',	'nemá',	0,	0,	NULL),
(53,	'WPB Capital, spořitelní družstvo',	'2050',	'nemá',	0,	0,	NULL),
(54,	'Citfin spořitelní družstvo',	'2060',	'CITFCZPP',	0,	0,	NULL),
(55,	'Creditas',	'2250',	'CTASCZ22',	1,	9,	NULL);

DROP VIEW IF EXISTS `ca_view`;
CREATE TABLE `ca_view` (`id` int(11), `company_id` int(11), `acting_id` int(11), `desc` varchar(200), `name` varchar(100));


DROP VIEW IF EXISTS `cf_view`;
CREATE TABLE `cf_view` (`company_id` int(11), `name` varchar(200), `fields_id` int(11), `field_name` varchar(300));


DROP TABLE IF EXISTS `city`;
CREATE TABLE `city` (
  `id` int(11) NOT NULL AUTO_INCREMENT,
  `name` varchar(200) COLLATE utf8_czech_ci NOT NULL,
  PRIMARY KEY (`id`)
) ENGINE=InnoDB DEFAULT CHARSET=utf8 COLLATE=utf8_czech_ci;

INSERT INTO `city` (`id`, `name`) VALUES
(2,	'Abertamy'),
(3,	'Adamov'),
(4,	'Andělská Hora'),
(5,	'Aš'),
(6,	'Bakov nad Jizerou'),
(7,	'Bavorov'),
(8,	'Bečov nad Teplou'),
(9,	'Bechyně'),
(10,	'Bělá nad Radbuzou'),
(11,	'Bělá pod Bezdězem'),
(12,	'Bělčice'),
(13,	'Benátky nad Jizerou'),
(14,	'Benešov'),
(15,	'Benešov nad Ploučnicí'),
(16,	'Beroun'),
(17,	'Bezdružice'),
(18,	'Bílina'),
(19,	'Bílovec'),
(20,	'Blansko'),
(21,	'Blatná'),
(22,	'Blovice'),
(23,	'Blšany'),
(24,	'Bohumín'),
(25,	'Bohušovice nad Ohří'),
(26,	'Bochov'),
(27,	'Bojkovice'),
(28,	'Bor'),
(29,	'Borohrádek'),
(30,	'Borovany'),
(31,	'Boskovice'),
(32,	'Boží Dar'),
(33,	'Brandýs nad Labem-Stará Boleslav'),
(34,	'Brandýs nad Orlicí'),
(35,	'Brno'),
(36,	'Broumov'),
(37,	'Brtnice'),
(38,	'Brumov-Bylnice'),
(39,	'Bruntál'),
(40,	'Brušperk'),
(41,	'Břeclav'),
(42,	'Březnice'),
(43,	'Březová'),
(44,	'Březová nad Svitavou'),
(45,	'Břidličná'),
(46,	'Bučovice'),
(47,	'Budišov nad Budišovkou'),
(48,	'Budyně nad Ohří'),
(49,	'Buštěhrad'),
(50,	'Bystré'),
(51,	'Bystřice'),
(52,	'Bystřice nad Pernštejnem'),
(53,	'Bystřice pod Hostýnem'),
(54,	'Bzenec'),
(55,	'Cvikov'),
(56,	'Čáslav'),
(57,	'Čelákovice'),
(58,	'Černošice'),
(59,	'Černošín'),
(60,	'Černovice'),
(61,	'Červená Řečice'),
(62,	'Červený Kostelec'),
(63,	'Česká Kamenice'),
(64,	'Česká Lípa'),
(65,	'Česká Skalice'),
(66,	'Česká Třebová'),
(67,	'České Budějovice'),
(68,	'České Velenice'),
(69,	'Český Brod'),
(70,	'Český Dub'),
(71,	'Český Krumlov'),
(72,	'Český Těšín'),
(73,	'Dačice'),
(74,	'Dašice'),
(75,	'Děčín'),
(76,	'Desná'),
(77,	'Deštná'),
(78,	'Dobrovice'),
(79,	'Dobruška'),
(80,	'Dobřany'),
(81,	'Dobřichovice'),
(82,	'Dobříš'),
(83,	'Doksy'),
(84,	'Dolní Benešov'),
(85,	'Dolní Bousov'),
(86,	'Dolní Kounice'),
(87,	'Dolní Poustevna'),
(88,	'Domažlice'),
(89,	'Dubá'),
(90,	'Dubí'),
(91,	'Dubňany'),
(92,	'Duchcov'),
(93,	'Dvůr Králové nad Labem'),
(94,	'Františkovy Lázně'),
(95,	'Frenštát pod Radhoštěm'),
(96,	'Frýdek-Místek'),
(97,	'Frýdlant'),
(98,	'Frýdlant nad Ostravicí'),
(99,	'Fryšták'),
(100,	'Fulnek'),
(101,	'Golčův Jeníkov'),
(102,	'Habartov'),
(103,	'Habry'),
(104,	'Hanušovice'),
(105,	'Harrachov'),
(106,	'Hartmanice'),
(107,	'Havířov'),
(108,	'Havlíčkův Brod'),
(109,	'Hejnice'),
(110,	'Heřmanův Městec'),
(111,	'Hlinsko'),
(112,	'Hluboká nad Vltavou'),
(113,	'Hlučín'),
(114,	'Hluk'),
(115,	'Hodkovice nad Mohelkou'),
(116,	'Hodonín'),
(117,	'Holešov'),
(118,	'Holice'),
(119,	'Holýšov'),
(120,	'Hora Svaté Kateřiny'),
(121,	'Horažďovice'),
(122,	'Horní Benešov'),
(123,	'Horní Blatná'),
(124,	'Horní Bříza'),
(125,	'Horní Cerekev'),
(126,	'Horní Jelení'),
(127,	'Horní Jiřetín'),
(128,	'Horní Planá'),
(129,	'Horní Slavkov'),
(130,	'Horšovský Týn'),
(131,	'Hořice'),
(132,	'Hořovice'),
(133,	'Hostinné'),
(134,	'Hostivice'),
(135,	'Hostomice'),
(136,	'Hostouň'),
(137,	'Hoštka'),
(138,	'Hradec Králové'),
(139,	'Hradec nad Moravicí'),
(140,	'Hrádek'),
(141,	'Hrádek nad Nisou'),
(142,	'Hranice'),
(143,	'Hranice'),
(144,	'Hrob'),
(145,	'Hrochův Týnec'),
(146,	'Hronov'),
(147,	'Hrotovice'),
(148,	'Hroznětín'),
(149,	'Hrušovany nad Jevišovkou'),
(150,	'Hulín'),
(151,	'Humpolec'),
(152,	'Husinec'),
(153,	'Hustopeče'),
(154,	'Chabařovice'),
(155,	'Cheb'),
(156,	'Chlumec'),
(157,	'Chlumec nad Cidlinou'),
(158,	'Choceň'),
(159,	'Chodov'),
(160,	'Chomutov'),
(161,	'Chotěboř'),
(162,	'Chrast'),
(163,	'Chrastava'),
(164,	'Chropyně'),
(165,	'Chrudim'),
(166,	'Chřibská'),
(167,	'Chvaletice'),
(168,	'Chýnov'),
(169,	'Chyše'),
(170,	'Ivančice'),
(171,	'Ivanovice na Hané'),
(172,	'Jablonec nad Jizerou'),
(173,	'Jablonec nad Nisou'),
(174,	'Jablonné nad Orlicí'),
(175,	'Jablonné v Podještědí'),
(176,	'Jablunkov'),
(177,	'Jáchymov'),
(178,	'Janov'),
(179,	'Janovice nad Úhlavou'),
(180,	'Janské Lázně'),
(181,	'Jaroměř'),
(182,	'Jaroměřice nad Rokytnou'),
(183,	'Javorník'),
(184,	'Jemnice'),
(185,	'Jesenice'),
(186,	'Jeseník'),
(187,	'Jevíčko'),
(188,	'Jevišovice'),
(189,	'Jičín'),
(190,	'Jihlava'),
(191,	'Jilemnice'),
(192,	'Jílové'),
(193,	'Jílové u Prahy'),
(194,	'Jindřichův Hradec'),
(195,	'Jirkov'),
(196,	'Jiříkov'),
(197,	'Jistebnice'),
(198,	'Kadaň'),
(199,	'Kamenice nad Lipou'),
(200,	'Kamenický Šenov'),
(201,	'Kaplice'),
(202,	'Kardašova Řečice'),
(203,	'Karlovy Vary'),
(204,	'Karolinka'),
(205,	'Karviná'),
(206,	'Kasejovice'),
(207,	'Kašperské Hory'),
(208,	'Kaznějov'),
(209,	'Kdyně'),
(210,	'Kelč'),
(211,	'Kladno'),
(212,	'Kladruby'),
(213,	'Klášterec nad Ohří'),
(214,	'Klatovy'),
(215,	'Klecany'),
(216,	'Klimkovice'),
(217,	'Klobouky u Brna'),
(218,	'Kojetín'),
(219,	'Kolín'),
(220,	'Konice'),
(221,	'Kopidlno'),
(222,	'Kopřivnice'),
(223,	'Koryčany'),
(224,	'Kosmonosy'),
(225,	'Kostelec na Hané'),
(226,	'Kostelec nad Černými lesy'),
(227,	'Kostelec nad Labem'),
(228,	'Kostelec nad Orlicí'),
(229,	'Košťany'),
(230,	'Kouřim'),
(231,	'Kožlany'),
(232,	'Králíky'),
(233,	'Kralovice'),
(234,	'Kralupy nad Vltavou'),
(235,	'Králův Dvůr'),
(236,	'Kraslice'),
(237,	'Krásná Hora nad Vltavou'),
(238,	'Krásná Lípa'),
(239,	'Krásné Údolí'),
(240,	'Krásno'),
(241,	'Kravaře'),
(242,	'Krnov'),
(243,	'Kroměříž'),
(244,	'Krupka'),
(245,	'Kryry'),
(246,	'Kunovice'),
(247,	'Kunštát'),
(248,	'Kuřim'),
(249,	'Kutná Hora'),
(250,	'Kyjov'),
(251,	'Kynšperk nad Ohří'),
(252,	'Lanškroun'),
(253,	'Lanžhot'),
(254,	'Lázně Bělohrad'),
(255,	'Lázně Bohdaneč'),
(256,	'Lázně Kynžvart'),
(257,	'Ledeč nad Sázavou'),
(258,	'Ledvice'),
(259,	'Letohrad'),
(260,	'Letovice'),
(261,	'Libáň'),
(262,	'Libčice nad Vltavou'),
(263,	'Liběchov'),
(264,	'Liberec'),
(265,	'Libochovice'),
(266,	'Libušín'),
(267,	'Lipník nad Bečvou'),
(268,	'Lišov'),
(269,	'Litoměřice'),
(270,	'Litomyšl'),
(271,	'Litovel'),
(272,	'Litvínov'),
(273,	'Loket'),
(274,	'Lom'),
(275,	'Lomnice nad Lužnicí'),
(276,	'Lomnice nad Popelkou'),
(277,	'Loštice'),
(278,	'Loučná pod Klínovcem'),
(279,	'Louny'),
(280,	'Lovosice'),
(281,	'Luby'),
(282,	'Lučany nad Nisou'),
(283,	'Luhačovice'),
(284,	'Luže'),
(285,	'Lysá nad Labem'),
(286,	'Manětín'),
(287,	'Mariánské Lázně'),
(288,	'Mašťov'),
(289,	'Měčín'),
(290,	'Mělník'),
(291,	'Městec Králové'),
(292,	'Město Albrechtice'),
(293,	'Město Touškov'),
(294,	'Meziboří'),
(295,	'Meziměstí'),
(296,	'Mikulášovice'),
(297,	'Mikulov'),
(298,	'Miletín'),
(299,	'Milevsko'),
(300,	'Milovice'),
(301,	'Mimoň'),
(302,	'Miroslav'),
(303,	'Mirošov'),
(304,	'Mirotice'),
(305,	'Mirovice'),
(306,	'Mladá Boleslav'),
(307,	'Mladá Vožice'),
(308,	'Mnichovice'),
(309,	'Mnichovo Hradiště'),
(310,	'Mníšek pod Brdy'),
(311,	'Modřice'),
(312,	'Mohelnice'),
(313,	'Moravská Třebová'),
(314,	'Moravské Budějovice'),
(315,	'Moravský Beroun'),
(316,	'Moravský Krumlov'),
(317,	'Morkovice-Slížany'),
(318,	'Most'),
(319,	'Mšeno'),
(320,	'Mýto'),
(321,	'Náchod'),
(322,	'Nalžovské Hory'),
(323,	'Náměšť nad Oslavou'),
(324,	'Napajedla'),
(325,	'Nasavrky'),
(326,	'Nechanice'),
(327,	'Nejdek'),
(328,	'Němčice nad Hanou'),
(329,	'Nepomuk'),
(330,	'Neratovice'),
(331,	'Netolice'),
(332,	'Neveklov'),
(333,	'Nová Bystřice'),
(334,	'Nová Paka'),
(335,	'Nová Role'),
(336,	'Nová Včelnice'),
(337,	'Nové Hrady'),
(338,	'Nové Město na Moravě'),
(339,	'Nové Město nad Metují'),
(340,	'Nové Město pod Smrkem'),
(341,	'Nové Sedlo'),
(342,	'Nové Strašecí'),
(343,	'Nový Bor'),
(344,	'Nový Bydžov'),
(345,	'Nový Jičín'),
(346,	'Nový Knín'),
(347,	'Nymburk'),
(348,	'Nýrsko'),
(349,	'Nýřany'),
(350,	'Odolena Voda'),
(351,	'Odry'),
(352,	'Olešnice'),
(353,	'Olomouc'),
(354,	'Oloví'),
(355,	'Opava'),
(356,	'Opočno'),
(357,	'Orlová'),
(358,	'Osečná'),
(359,	'Osek'),
(360,	'Oslavany'),
(361,	'Ostrava'),
(362,	'Ostrov'),
(363,	'Otrokovice'),
(364,	'Pacov'),
(365,	'Pardubice'),
(366,	'Paskov'),
(367,	'Pec pod Sněžkou'),
(368,	'Pečky'),
(369,	'Pelhřimov'),
(370,	'Petřvald'),
(371,	'Pilníkov'),
(372,	'Písek'),
(373,	'Planá'),
(374,	'Planá nad Lužnicí'),
(375,	'Plánice'),
(376,	'Plasy'),
(377,	'Plesná'),
(378,	'Plumlov'),
(379,	'Plzeň'),
(380,	'Poběžovice'),
(381,	'Počátky'),
(382,	'Podbořany'),
(383,	'Poděbrady'),
(384,	'Podivín'),
(385,	'Pohořelice'),
(386,	'Police nad Metují'),
(387,	'Polička'),
(388,	'Polná'),
(389,	'Postoloprty'),
(390,	'Potštát'),
(391,	'Praha'),
(392,	'Prachatice'),
(393,	'Proseč'),
(394,	'Prostějov'),
(395,	'Protivín'),
(396,	'Přebuz'),
(397,	'Přelouč'),
(398,	'Přerov'),
(399,	'Přeštice'),
(400,	'Příbor'),
(401,	'Příbram'),
(402,	'Přibyslav'),
(403,	'Přimda'),
(404,	'Pyšely'),
(405,	'Rabí'),
(406,	'Radnice'),
(407,	'Rájec-Jestřebí'),
(408,	'Rajhrad'),
(409,	'Rakovník'),
(410,	'Ralsko'),
(411,	'Raspenava'),
(412,	'Rejštejn'),
(413,	'Rokycany'),
(414,	'Rokytnice nad Jizerou'),
(415,	'Rokytnice v Orlických horách'),
(416,	'Ronov nad Doubravou'),
(417,	'Rosice'),
(418,	'Rotava'),
(419,	'Roudnice nad Labem'),
(420,	'Rousínov'),
(421,	'Rovensko pod Troskami'),
(422,	'Roztoky'),
(423,	'Rožmberk nad Vltavou'),
(424,	'Rožďalovice'),
(425,	'Rožmitál pod Třemšínem'),
(426,	'Rožnov pod Radhoštěm'),
(427,	'Rtyně v Podkrkonoší'),
(428,	'Rudná'),
(429,	'Rudolfov'),
(430,	'Rumburk'),
(431,	'Rychnov nad Kněžnou'),
(432,	'Rychnov u Jablonce nad Nisou'),
(433,	'Rychvald'),
(434,	'Rýmařov'),
(435,	'Řevnice'),
(436,	'Říčany'),
(437,	'Sadská'),
(438,	'Sázava'),
(439,	'Seč'),
(440,	'Sedlčany'),
(441,	'Sedlec-Prčice'),
(442,	'Sedlice'),
(443,	'Semily'),
(444,	'Sezemice'),
(445,	'Sezimovo Ústí'),
(446,	'Skalná'),
(447,	'Skuteč'),
(448,	'Slaný'),
(449,	'Slatiňany'),
(450,	'Slavičín'),
(451,	'Slavkov u Brna'),
(452,	'Slavonice'),
(453,	'Slušovice'),
(454,	'Smečno'),
(455,	'Smiřice'),
(456,	'Smržovka'),
(457,	'Soběslav'),
(458,	'Sobotka'),
(459,	'Sokolov'),
(460,	'Solnice'),
(461,	'Spálené Poříčí'),
(462,	'Staňkov'),
(463,	'Staré Město'),
(464,	'Staré Město'),
(465,	'Stárkov'),
(466,	'Starý Plzenec'),
(467,	'Stod'),
(468,	'Stochov'),
(469,	'Strakonice'),
(470,	'Stráž nad Nežárkou'),
(471,	'Stráž pod Ralskem'),
(472,	'Strážnice'),
(473,	'Strážov'),
(474,	'Strmilov'),
(475,	'Stříbro'),
(476,	'Studénka'),
(477,	'Suchdol nad Lužnicí'),
(478,	'Sušice'),
(479,	'Světlá nad Sázavou'),
(480,	'Svitavy'),
(481,	'Svoboda nad Úpou'),
(482,	'Svratka'),
(483,	'Šenov'),
(484,	'Šlapanice'),
(485,	'Šluknov'),
(486,	'Špindlerův Mlýn'),
(487,	'Šternberk'),
(488,	'Štětí'),
(489,	'Štíty'),
(490,	'Štramberk'),
(491,	'Šumperk'),
(492,	'Švihov'),
(493,	'Tábor'),
(494,	'Tachov'),
(495,	'Tanvald'),
(496,	'Telč'),
(497,	'Teplá'),
(498,	'Teplice'),
(499,	'Teplice nad Metují'),
(500,	'Terezín'),
(501,	'Tišnov'),
(502,	'Toužim'),
(503,	'Tovačov'),
(504,	'Trhové Sviny'),
(505,	'Trhový Štěpánov'),
(506,	'Trmice'),
(507,	'Trutnov'),
(508,	'Třebechovice pod Orebem'),
(509,	'Třebenice'),
(510,	'Třebíč'),
(511,	'Třeboň'),
(512,	'Třemošná'),
(513,	'Třemošnice'),
(514,	'Třešť'),
(515,	'Třinec'),
(516,	'Turnov'),
(517,	'Týn nad Vltavou'),
(518,	'Týnec nad Labem'),
(519,	'Týnec nad Sázavou'),
(520,	'Týniště nad Orlicí'),
(521,	'Uherské Hradiště'),
(522,	'Uherský Brod'),
(523,	'Uherský Ostroh'),
(524,	'Uhlířské Janovice'),
(525,	'Unhošť'),
(526,	'Uničov'),
(527,	'Újezd u Brna'),
(528,	'Úpice'),
(529,	'Úsov'),
(530,	'Ústí nad Labem'),
(531,	'Ústí nad Orlicí'),
(532,	'Úštěk'),
(533,	'Úterý'),
(534,	'Úvaly'),
(535,	'Valašské Klobouky'),
(536,	'Valašské Meziříčí'),
(537,	'Valtice'),
(538,	'Vamberk'),
(539,	'Varnsdorf'),
(540,	'Vejprty'),
(541,	'Velešín'),
(542,	'Velká Bíteš'),
(543,	'Velká Bystřice'),
(544,	'Velké Bílovice'),
(545,	'Velké Hamry'),
(546,	'Velké Meziříčí'),
(547,	'Velké Opatovice'),
(548,	'Velké Pavlovice'),
(549,	'Velký Šenov'),
(550,	'Veltrusy'),
(551,	'Velvary'),
(552,	'Verneřice'),
(553,	'Veselí nad Lužnicí'),
(554,	'Veselí nad Moravou'),
(555,	'Vidnava'),
(556,	'Vimperk'),
(557,	'Vítkov'),
(558,	'Vizovice'),
(559,	'Vlachovo Březí'),
(560,	'Vlašim'),
(561,	'Vodňany'),
(562,	'Volary'),
(563,	'Volyně'),
(564,	'Votice'),
(565,	'Vracov'),
(566,	'Vratimov'),
(567,	'Vrbno pod Pradědem'),
(568,	'Vrchlabí'),
(569,	'Vroutek'),
(570,	'Vsetín'),
(571,	'Všeruby'),
(572,	'Výsluní'),
(573,	'Vysoké Mýto'),
(574,	'Vysoké nad Jizerou'),
(575,	'Vysoké Veselí'),
(576,	'Vyškov'),
(577,	'Vyšší Brod'),
(578,	'Zábřeh'),
(579,	'Zákupy'),
(580,	'Zásmuky'),
(581,	'Zbiroh'),
(582,	'Zbýšov'),
(583,	'Zdice'),
(584,	'Zlaté Hory'),
(585,	'Zlín'),
(586,	'Zliv'),
(587,	'Znojmo'),
(588,	'Zruč nad Sázavou'),
(589,	'Zubří'),
(590,	'Žacléř'),
(591,	'Žamberk'),
(592,	'Žandov'),
(593,	'Žatec'),
(594,	'Ždánice'),
(595,	'Žďár nad Sázavou'),
(596,	'Ždírec nad Doubravou'),
(597,	'Žebrák'),
(598,	'Železná Ruda'),
(599,	'Železnice'),
(600,	'Železný Brod'),
(601,	'Židlochovice'),
(602,	'Žirovnice'),
(603,	'Žlutice');

DROP TABLE IF EXISTS `company`;
CREATE TABLE `company` (
  `id` int(11) NOT NULL AUTO_INCREMENT,
  `user_id` int(11) DEFAULT NULL,
  `name` varchar(200) COLLATE utf8_czech_ci NOT NULL,
  `value` double NOT NULL,
  `bank` int(11) NOT NULL,
  `desc` varchar(1000) COLLATE utf8_czech_ci DEFAULT NULL,
  `dateCreated` timestamp NOT NULL DEFAULT CURRENT_TIMESTAMP,
  PRIMARY KEY (`id`),
  KEY `user_id` (`user_id`),
  KEY `bank` (`bank`),
  CONSTRAINT `company_ibfk_2` FOREIGN KEY (`bank`) REFERENCES `banks` (`id`),
  CONSTRAINT `company_ibfk_3` FOREIGN KEY (`user_id`) REFERENCES `users` (`id`) ON DELETE SET NULL ON UPDATE CASCADE
) ENGINE=InnoDB DEFAULT CHARSET=utf8 COLLATE=utf8_czech_ci;


DROP TABLE IF EXISTS `company_accountancy_service`;
CREATE TABLE `company_accountancy_service` (
  `id` int(11) NOT NULL AUTO_INCREMENT,
  `company_id` int(11) NOT NULL,
  `name` varchar(255) COLLATE utf8_czech_ci NOT NULL COMMENT 'nazev objedaneho balicku',
  `vat` tinyint(4) NOT NULL DEFAULT '0' COMMENT 'je platce ? - vyplneno v dobe objednani',
  `number_cars` int(11) NOT NULL DEFAULT '0' COMMENT 'vyplneno v dobe objednani',
  `number_employees` int(11) NOT NULL DEFAULT '0' COMMENT 'vyplneno v dobe objednani',
  `item_price` varchar(255) COLLATE utf8_czech_ci NOT NULL COMMENT 'puvodni! cena za polozku u daneho tarifu v dobe objedani',
  `items_month` int(11) DEFAULT NULL COMMENT 'puodni! pocet polozek za mesic u daneho tarifu v dobe objedani',
  `new_item_price` varchar(255) COLLATE utf8_czech_ci NOT NULL COMMENT 'nova cena za polozku vypoctena na zaklade volby o dph',
  `new_item_price_discont` varchar(255) COLLATE utf8_czech_ci DEFAULT NULL COMMENT 'slevnena cena za polozku pro prvni rok',
  `fee` tinyint(4) NOT NULL DEFAULT '0',
  PRIMARY KEY (`id`),
  KEY `company_id` (`company_id`),
  CONSTRAINT `company_accountancy_service_ibfk_1` FOREIGN KEY (`company_id`) REFERENCES `company` (`id`) ON DELETE CASCADE ON UPDATE CASCADE
) ENGINE=InnoDB DEFAULT CHARSET=utf8 COLLATE=utf8_czech_ci;


DROP TABLE IF EXISTS `company_actions`;
CREATE TABLE `company_actions` (
  `id` int(11) NOT NULL AUTO_INCREMENT,
  `company_id` int(11) NOT NULL,
  `acting_id` int(11) NOT NULL,
  `desc` varchar(200) COLLATE utf8_czech_ci NOT NULL,
  PRIMARY KEY (`id`),
  KEY `company_id` (`company_id`),
  KEY `acting_id` (`acting_id`),
  CONSTRAINT `company_actions_ibfk_2` FOREIGN KEY (`acting_id`) REFERENCES `acting` (`id`),
  CONSTRAINT `company_actions_ibfk_3` FOREIGN KEY (`company_id`) REFERENCES `company` (`id`) ON DELETE CASCADE
) ENGINE=InnoDB DEFAULT CHARSET=utf8 COLLATE=utf8_czech_ci;


DROP TABLE IF EXISTS `company_docs`;
CREATE TABLE `company_docs` (
  `id` int(11) NOT NULL AUTO_INCREMENT,
  `company_id` int(11) NOT NULL,
  `doc_type` int(11) NOT NULL,
  `filename` varchar(200) COLLATE utf8_czech_ci NOT NULL,
  `name` varchar(200) COLLATE utf8_czech_ci NOT NULL,
  `created` timestamp NOT NULL DEFAULT CURRENT_TIMESTAMP,
  `public` tinyint(4) NOT NULL DEFAULT '1',
  PRIMARY KEY (`id`),
  KEY `doc_type` (`doc_type`),
  KEY `company_id` (`company_id`),
  CONSTRAINT `company_docs_ibfk_5` FOREIGN KEY (`doc_type`) REFERENCES `docstype` (`id`),
  CONSTRAINT `company_docs_ibfk_6` FOREIGN KEY (`company_id`) REFERENCES `company` (`id`) ON DELETE CASCADE
) ENGINE=InnoDB DEFAULT CHARSET=utf8 COLLATE=utf8_czech_ci;


DROP TABLE IF EXISTS `company_fields`;
CREATE TABLE `company_fields` (
  `id` int(11) NOT NULL AUTO_INCREMENT,
  `company_id` int(11) NOT NULL,
  `fields_id` int(11) NOT NULL,
  PRIMARY KEY (`id`),
  KEY `company_id` (`company_id`),
  KEY `fields_id` (`fields_id`),
  CONSTRAINT `company_fields_ibfk_2` FOREIGN KEY (`fields_id`) REFERENCES `fields` (`id`),
  CONSTRAINT `company_fields_ibfk_3` FOREIGN KEY (`company_id`) REFERENCES `company` (`id`) ON DELETE CASCADE
) ENGINE=InnoDB DEFAULT CHARSET=utf8 COLLATE=utf8_czech_ci;


DROP TABLE IF EXISTS `company_person`;
CREATE TABLE `company_person` (
  `id` int(11) NOT NULL AUTO_INCREMENT,
  `company_id` int(11) NOT NULL,
  `person_id` int(11) NOT NULL,
  `share` double NOT NULL DEFAULT '0',
  `acting` int(11) NOT NULL DEFAULT '0',
  PRIMARY KEY (`id`),
  KEY `company_id` (`company_id`),
  KEY `person_id` (`person_id`),
  CONSTRAINT `company_person_ibfk_2` FOREIGN KEY (`person_id`) REFERENCES `person` (`id`),
  CONSTRAINT `company_person_ibfk_3` FOREIGN KEY (`company_id`) REFERENCES `company` (`id`) ON DELETE CASCADE
) ENGINE=InnoDB DEFAULT CHARSET=utf8 COLLATE=utf8_czech_ci;


DROP TABLE IF EXISTS `company_phone_service`;
CREATE TABLE `company_phone_service` (
  `id` int(11) NOT NULL AUTO_INCREMENT,
  `company_id` int(11) NOT NULL,
  `name` int(11) NOT NULL,
  `info` text COLLATE utf8_czech_ci,
  `price` float(10,5) NOT NULL COMMENT 'cena za mesic',
  `total_price` float(10,5) NOT NULL COMMENT 'celkove zaplacena cena',
  `months` int(11) NOT NULL COMMENT 'objednano mesicu',
  PRIMARY KEY (`id`),
  KEY `company_id` (`company_id`),
  CONSTRAINT `company_phone_service_ibfk_1` FOREIGN KEY (`company_id`) REFERENCES `company` (`id`) ON DELETE CASCADE
) ENGINE=InnoDB DEFAULT CHARSET=utf8 COLLATE=utf8_czech_ci;


DROP TABLE IF EXISTS `company_post_service`;
CREATE TABLE `company_post_service` (
  `id` int(11) NOT NULL AUTO_INCREMENT,
  `company_id` int(11) NOT NULL,
  `name` varchar(255) COLLATE utf8_czech_ci NOT NULL,
  `info` text COLLATE utf8_czech_ci,
  `price` float(10,2) NOT NULL,
  `total_price` float(10,2) NOT NULL COMMENT 'celkova zaplacena cena ',
  `months` int(11) NOT NULL COMMENT 'objednano mesicu ',
  PRIMARY KEY (`id`),
  KEY `company_id` (`company_id`),
  CONSTRAINT `company_post_service_ibfk_1` FOREIGN KEY (`company_id`) REFERENCES `company` (`id`) ON DELETE CASCADE
) ENGINE=InnoDB DEFAULT CHARSET=utf8 COLLATE=utf8_czech_ci;


DROP TABLE IF EXISTS `company_progress`;
CREATE TABLE `company_progress` (
  `id` int(11) NOT NULL AUTO_INCREMENT,
  `company_id` int(11) NOT NULL,
  `note` varchar(1000) NOT NULL,
  `progress_id` int(11) NOT NULL DEFAULT '1',
  `created` datetime DEFAULT NULL,
  `last_change` datetime DEFAULT NULL,
  PRIMARY KEY (`id`),
  KEY `company_id` (`company_id`),
  KEY `progress_id` (`progress_id`),
  CONSTRAINT `company_progress_ibfk_1` FOREIGN KEY (`company_id`) REFERENCES `company` (`id`),
  CONSTRAINT `company_progress_ibfk_3` FOREIGN KEY (`progress_id`) REFERENCES `progress` (`id`)
) ENGINE=InnoDB DEFAULT CHARSET=latin1;


DELIMITER ;;

CREATE TRIGGER `companyProgress_OnINSERT` BEFORE INSERT ON `company_progress` FOR EACH ROW
IF NEW.created IS NULL THEN
SET NEW.created = NOW();
END IF;;

CREATE TRIGGER `companyProgress_OnUPDATE` BEFORE UPDATE ON `company_progress` FOR EACH ROW
SET NEW.last_change = NOW();;

DELIMITER ;

DROP TABLE IF EXISTS `company_seat`;
CREATE TABLE `company_seat` (
  `id` int(11) NOT NULL AUTO_INCREMENT,
  `company_id` int(11) NOT NULL,
  `seat_id` int(11) NOT NULL,
  PRIMARY KEY (`id`),
  KEY `company_id` (`company_id`),
  KEY `seat_id` (`seat_id`),
  CONSTRAINT `company_seat_ibfk_2` FOREIGN KEY (`seat_id`) REFERENCES `seat` (`id`),
  CONSTRAINT `company_seat_ibfk_3` FOREIGN KEY (`company_id`) REFERENCES `company` (`id`) ON DELETE CASCADE
) ENGINE=InnoDB DEFAULT CHARSET=utf8 COLLATE=utf8_czech_ci;


DROP TABLE IF EXISTS `company_seat_service`;
CREATE TABLE `company_seat_service` (
  `id` int(11) NOT NULL AUTO_INCREMENT,
  `company_id` int(11) NOT NULL,
  `months` int(11) NOT NULL COMMENT 'zakoupeno mesicu',
  `price_12` float(10,2) NOT NULL,
  `price_24` float(10,2) NOT NULL,
  `price_36` float(10,2) NOT NULL,
  `total_price` float(10,2) NOT NULL COMMENT 'celkova zaplacena cena',
  `name` varchar(255) COLLATE utf8_czech_ci NOT NULL COMMENT 'jmeno sidla',
  PRIMARY KEY (`id`),
  KEY `company_id` (`company_id`),
  CONSTRAINT `company_seat_service_ibfk_1` FOREIGN KEY (`company_id`) REFERENCES `company` (`id`) ON DELETE CASCADE
) ENGINE=InnoDB DEFAULT CHARSET=utf8 COLLATE=utf8_czech_ci;


DROP TABLE IF EXISTS `company_tax`;
CREATE TABLE `company_tax` (
  `id` int(11) NOT NULL AUTO_INCREMENT,
  `company_id` int(11) NOT NULL,
  `tax_id` int(11) NOT NULL,
  `desc` varchar(300) COLLATE utf8_czech_ci NOT NULL,
  PRIMARY KEY (`id`),
  KEY `company_id` (`company_id`),
  KEY `tax_id` (`tax_id`),
  CONSTRAINT `company_tax_ibfk_2` FOREIGN KEY (`tax_id`) REFERENCES `taxes` (`id`),
  CONSTRAINT `company_tax_ibfk_3` FOREIGN KEY (`company_id`) REFERENCES `company` (`id`) ON DELETE CASCADE
) ENGINE=InnoDB DEFAULT CHARSET=utf8 COLLATE=utf8_czech_ci;


DROP VIEW IF EXISTS `cpg_view`;
CREATE TABLE `cpg_view` (`id` int(11), `last_change` datetime, `company_id` int(11), `note` varchar(1000), `progress_id` int(11), `company_name` varchar(200));


DROP VIEW IF EXISTS `cp_view`;
CREATE TABLE `cp_view` (`share` double, `acting` int(11), `company_id` int(11), `id` int(11), `choice` int(11), `name` varchar(100), `ico` varchar(100), `person_id` varchar(15), `surname` varchar(100), `date` timestamp, `title_pre` varchar(50), `title_suf` varchar(50), `tel` int(11), `place` int(11), `text` varchar(1000));


DROP VIEW IF EXISTS `ct_view`;
CREATE TABLE `ct_view` (`company_id` int(11), `name` varchar(200), `tax_id` int(11), `tax_name` varchar(200));


DROP TABLE IF EXISTS `docstype`;
CREATE TABLE `docstype` (
  `id` int(11) NOT NULL AUTO_INCREMENT,
  `name` varchar(100) COLLATE utf8_czech_ci NOT NULL,
  PRIMARY KEY (`id`)
) ENGINE=InnoDB DEFAULT CHARSET=utf8 COLLATE=utf8_czech_ci;

INSERT INTO `docstype` (`id`, `name`) VALUES
(1,	'společenská smlouva'),
(2,	'souhlas s umístěním sídla'),
(3,	'zálohová faktura'),
(4,	'plná moc jednatele'),
(5,	'plná moc společníka'),
(6,	'prohlášení odpovědnosti'),
(7,	'prohlášení správce vkladu'),
(8,	'checklist'),
(9,	'čestné prohlášení jednatele'),
(10,	'faktura'),
(11,	'společenská smlouva pro notáře'),
(12,	'výzva');

DROP VIEW IF EXISTS `fc_view`;
CREATE TABLE `fc_view` (`id` int(11), `field_name` varchar(300), `groups_id` int(11), `group_name` varchar(200));


DROP VIEW IF EXISTS `fg_view`;
CREATE TABLE `fg_view` (`id` int(11), `field_name` varchar(300), `groups` text, `group_names` text);


DROP TABLE IF EXISTS `fields`;
CREATE TABLE `fields` (
  `id` int(11) NOT NULL AUTO_INCREMENT,
  `parent` int(11) NOT NULL,
  `name` varchar(300) COLLATE utf8_czech_ci NOT NULL,
  `description` varchar(500) COLLATE utf8_czech_ci NOT NULL,
  `crm_id` int(11) DEFAULT NULL COMMENT 'cislo na CRM formulari. Plati pro volnou zivnost',
  PRIMARY KEY (`id`),
  KEY `description` (`description`(255)),
  KEY `name` (`name`(255)),
  KEY `parent` (`parent`),
  CONSTRAINT `fields_ibfk_1` FOREIGN KEY (`parent`) REFERENCES `fieldscategories` (`id`)
) ENGINE=InnoDB DEFAULT CHARSET=utf8 COLLATE=utf8_czech_ci;

INSERT INTO `fields` (`id`, `parent`, `name`, `description`, `crm_id`) VALUES
(2,	1,	'Koupě, prodej, držení, základní pronájem jednotlivých nemovitostí',	'Toto povolání nevyžaduje splnění dalších regulací.',	NULL),
(3,	1,	'Realitní činnost, správa a údržba nemovitostí',	'',	58),
(4,	1,	'Velkoobchod a maloobchod',	'',	48),
(7,	2,	'Zastavárenská činnost a maloobchod s použitým zbožím',	'',	49),
(8,	2,	'Pronájem a půjčování věcí movitých',	'',	59),
(9,	2,	'Pronájem nemovitostí, bytů a nebytových prostor',	'Toto povolání nevyžaduje splnění dalších regulací.',	NULL),
(10,	2,	'Provádění dobrovolných dražeb movitých věcí podle zákona o veřejných dražbách',	'',	NULL),
(11,	2,	'Provádění veřejných dražeb dobrovolných',	'',	NULL),
(12,	2,	'Provádění veřejných dražeb nedobrovolných',	'',	NULL),
(13,	2,	'Nákup a prodej kulturních památek nebo předmětů kulturní hodnoty',	'',	NULL),
(17,	3,	'Oceňování majetku pro věci movité',	'',	NULL),
(18,	3,	'Poradenská a konzultační činnost, zpracování odborných studií a posudků',	'',	60),
(19,	3,	'Psychologické poradenství a diagnostika',	'',	NULL),
(21,	4,	'Poskytování služeb osobního charakteru a pro osobní hygienu',	'',	78),
(22,	4,	'Poskytování služeb pro rodinu a domácnost',	'',	79),
(23,	4,	'Holičství, kadeřnictví',	'',	NULL),
(24,	4,	'Kosmetické služby',	'',	NULL),
(25,	4,	'Pedikúra, manikúra',	'',	NULL),
(26,	4,	'Péče o dítě do tří let věku v denním režimu',	'',	NULL),
(27,	4,	'Praní pro domácnost, žehlení, opravy a údržba oděvů, bytového textilu a osobního zboží',	'',	75),
(30,	5,	'Reklamní činnost, marketing, mediální zastoupení',	'',	66),
(31,	5,	'Návrhářská, designérská, aranžérská činnost a modeling',	'',	67),
(32,	5,	'Fotografické služby',	'',	68),
(33,	5,	'Překladatelská a tlumočnická činnost',	'',	69),
(34,	5,	'Činnost účetních poradců, vedení účetnictví, vedení daňové evidence',	'',	NULL),
(36,	5,	'Příprava a vypracování technických návrhů, grafické a kresličské práce',	'',	62),
(37,	5,	'Služby v oblasti administrativní správy a služby organizačně hospodářské povahy',	'',	70),
(38,	5,	'Opravy a údržba potřeb pro domácnost, předmětů kulturní povahy, výrobků jemné mechaniky, optických přístrojů a měřidel',	'',	77),
(39,	5,	'Projektování pozemkových úprav',	'',	61),
(40,	5,	'Provozování pohřební služby',	'',	NULL),
(41,	5,	'Provádění balzamace a konzervace',	'',	NULL),
(42,	5,	'Provozování krematoria',	'',	NULL),
(43,	6,	'Výroba, obchod a služby jinde nezařazené',	'',	80),
(44,	6,	'Zprostředkování obchodu a služeb',	'',	NULL),
(45,	6,	'Poskytování technických služeb',	'',	76),
(46,	6,	'Poskytování nebo zprostředkování spotřebitelského úvěru',	'',	NULL),
(47,	7,	'Výroba stavebních hmot, porcelánových, keramických a sádrových výrobků',	'',	21),
(48,	7,	'Provádění staveb, jejich změn a odstraňování',	'',	NULL),
(49,	7,	'Přípravné a dokončovací stavební práce, specializované stavební činnosti',	'',	45),
(50,	7,	'Projektová činnost ve výstavbě',	'',	NULL),
(51,	7,	'Galvanizérství, smaltérství',	'',	NULL),
(52,	7,	'Hodinářství',	'',	NULL),
(53,	7,	'Kamnářství',	'',	NULL),
(54,	7,	'Kominictví',	'',	NULL),
(55,	7,	'Kovářství, podkovářství',	'',	NULL),
(56,	7,	'Malířství, lakýrnictví, natěračství',	'',	NULL),
(57,	7,	'Obráběčství',	'',	NULL),
(58,	7,	'Pokrývačství, tesařství',	'',	NULL),
(59,	7,	'Slévárenství, modelářství',	'',	NULL),
(60,	7,	'Truhlářství, podlahářství',	'',	NULL),
(62,	7,	'Vodoinstalatérství, topenářství',	'',	NULL),
(63,	7,	'Izolatérství',	'',	NULL),
(64,	7,	'Zámečnictví, nástrojářství',	'',	NULL),
(65,	7,	'Zednictví',	'',	NULL),
(66,	7,	'Zlatnictví a klenotnictví',	'',	NULL),
(67,	7,	'Výroba brusiv a ostatních minerálních nekovových výrobků',	'',	22),
(68,	8,	'Poskytování služeb pro zemědělství, zahradnictví, rybníkářství, lesnictví a myslivost',	'',	1),
(69,	8,	'Chov zvířat a jejich výcvik (s výjimkou živočišné výroby)',	'',	5),
(70,	8,	'Obchod se zvířaty určenými pro zájmové chovy',	'',	NULL),
(71,	8,	'Drezúra zvířat',	'',	NULL),
(72,	8,	'Pěstitelské pálení',	'',	8),
(73,	8,	'Výroba krmiv, krmných směsí, doplňkových látek a premixů',	'',	9),
(74,	8,	'Diagnostická, zkušební a poradenská činnost v ochraně rostlin a ošetřování rostlin, rostlinných produktů, objektů a půdy proti škodlivým organismům přípravky na ochranu rostlin nebo biocidními přípravky',	'',	3),
(75,	8,	'Kontrolní testování profesionálních zařízení pro aplikaci přípravků',	'',	NULL),
(76,	8,	'Činnost odborného lesního hospodáře a vyhotovování lesních hospodářských plánů a osnov',	'',	2),
(77,	9,	'Výroba motorových a přípojných vozidel a karoserií',	'',	32),
(78,	9,	'Stavba a výroba plavidel',	'',	33),
(79,	9,	'Výroba, vývoj, projektování, zkoušky, instalace, údržba, opravy, modifikace a konstrukční změny letadel, motorů letadel, vrtulí, letadlových částí a zařízení a leteckých pozemních zařízení',	'',	34),
(80,	9,	'Výroba drážních hnacích vozidel a drážních vozidel na dráze tramvajové, trolejbusové a lanové a železničního parku',	'',	35),
(81,	9,	'Výroba jízdních kol, vozíků pro invalidy a jiných nemotorových dopravních prostředků',	'',	36),
(82,	9,	'Údržba motorových vozidel a jejich příslušenství',	'',	50),
(83,	9,	'Potrubní a pozemní doprava (vyjma železniční a silniční motorové dopravy)',	'',	51),
(84,	9,	'Skladování, balení zboží, manipulace s nákladem a technické činnosti v dopravě',	'',	52),
(86,	9,	'Klempířství a oprava karoserií',	'',	NULL),
(87,	9,	'Opravy silničních vozidel',	'',	NULL),
(90,	9,	'Provozování poštovních a zahraničních poštovních služeb',	'',	NULL),
(91,	9,	'Silniční motorová doprava nákladní provozovaná vozidly nebo jízdními soupravami o největší povolené hmotnosti nepřesahující 3,5 tuny, jsou-li určeny k přepravě zvířat nebo věcí',	'',	NULL),
(92,	9,	'Silniční motorová doprava nákladní provozovaná vozidly nebo jízdními soupravami o největší povolené hmotnosti přesahující 3,5 tuny, jsou-li určeny k přepravě zvířat nebo věcí',	'',	NULL),
(93,	9,	'Silniční motorová doprava osobní provozovaná vozidly určenými pro přepravu nejvýše 9 osob včetně řidiče',	'',	NULL),
(94,	9,	'Silniční motorová doprava osobní provozovaná vozidly určenými pro přepravu více než 9 osob včetně řidiče',	'',	NULL),
(95,	9,	'Vnitrozemská vodní doprava',	'',	NULL),
(96,	9,	'Zasilatelství a zastupování v celním řízení',	'',	53),
(97,	10,	'Výroba měřicích, zkušebních, navigačních, optických a fotografických přístrojů a zařízení',	'',	28),
(98,	10,	'Výroba elektronických součástek, elektrických zařízení a výroba a opravy elektrických strojů, přístrojů a elektronických zařízení pracujících na malém napětí',	'',	29),
(99,	10,	'Výroba neelektrických zařízení pro domácnost',	'',	30),
(100,	10,	'Výroba strojů a zařízení',	'',	31),
(101,	10,	'Projektování elektrických zařízení',	'',	63),
(102,	10,	'Výroba, instalace, opravy elektrických strojů a přístrojů, elektronických a telekomunikačních zařízení',	'',	NULL),
(103,	10,	'Opravy ostatních dopravních prostředků a pracovních strojů',	'',	NULL),
(104,	10,	'Montáž, opravy, revize a zkoušky elektrických zařízení',	'',	NULL),
(105,	10,	'Montáž, opravy a rekonstrukce chladicích zařízení a tepelných čerpadel',	'',	NULL),
(106,	10,	'Montáž, opravy, revize a zkoušky plynových zařízení a plnění nádob plyny',	'',	NULL),
(107,	10,	'Montáž, opravy, revize a zkoušky tlakových zařízení a nádob na plyny',	'',	NULL),
(108,	10,	'Montáž, opravy, revize a zkoušky zdvihacích zařízení',	'',	NULL),
(109,	10,	'Revize, prohlídky a zkoušky určených technických zařízení v provozu',	'',	NULL),
(110,	11,	'Výroba potravinářských a škrobárenských výrobků',	'',	7),
(111,	11,	'Mlékárenství',	'',	NULL),
(112,	11,	'Mlynářství',	'',	NULL),
(113,	11,	'Pekařství, cukrářství',	'',	NULL),
(114,	11,	'Pivovarnictví a sladovnictví',	'',	NULL),
(115,	11,	'Řeznictví a uzenářství',	'',	NULL),
(116,	11,	'Výroba a úprava kvasného lihu, konzumního lihu, lihovin a ostatních alkoholických nápojů (s výjimkou piva, ovocných vín, ostatních vín a medoviny a ovocných destilátů získaných pěstitelským pálením) a prodej kvasného lihu, konzumního lihu a lihovin',	'',	NULL),
(118,	12,	'Hostinská činnost',	'',	NULL),
(119,	12,	'Ubytovací služby',	'',	55),
(120,	13,	'Výroba a hutní zpracování železa, drahých a neželezných kovů a jejich slitin',	'',	24),
(121,	13,	'Výroba kovových konstrukcí a kovodělných výrobků',	'',	25),
(122,	13,	'Umělecko-řemeslné zpracování kovů',	'',	26),
(123,	13,	'Povrchové úpravy a svařování kovů a dalších materiálů',	'',	27),
(124,	14,	'Nakládání s reprodukčním materiálem lesních dřevin',	'',	4),
(125,	14,	'Zpracování dřeva, výroba dřevěných, korkových, proutěných a slaměných výrobků',	'',	12),
(126,	14,	'Výroba vlákniny, papíru a lepenky a zboží z těchto materiálů',	'',	13),
(127,	15,	'Úprava nerostů, dobývání rašeliny a bahna',	'',	6),
(128,	15,	'Výroba koksu, surového dehtu a jiných pevných paliv',	'',	16),
(129,	15,	'Broušení technického a šperkového kamene',	'',	23),
(130,	15,	'Zpracování kamene',	'',	NULL),
(131,	16,	'Výroba textilií, textilních výrobků, oděvů a oděvních doplňků',	'',	10),
(132,	16,	'Výroba a opravy obuvi, brašnářského a sedlářského zboží',	'',	11),
(134,	16,	'Barvení a chemická úprava textilií',	'',	NULL),
(135,	16,	'Čištění a praní textilu a oděvů',	'',	NULL),
(136,	16,	'Zpracování kůží a kožešin',	'',	NULL),
(137,	17,	'Výroba chemických látek a chemických směsí nebo předmětů a kosmetických přípravků',	'',	NULL),
(138,	17,	'Výroba hnojiv',	'',	18),
(139,	17,	'Výroba plastových a pryžových výrobků',	'',	19),
(140,	17,	'Zpracování gumárenských směsí',	'',	NULL),
(141,	17,	'Výroba nebezpečných chemických látek a nebezpečných chemických přípravků a prodej chemických látek a chemických přípravků klasifikovaných jako vysoce toxické a toxické',	'',	NULL),
(142,	17,	'Výroba a úprava lihu sulfitového nebo lihu syntetického',	'',	NULL),
(143,	18,	'Výroba a zpracování skla',	'',	20),
(144,	18,	'Sklenářské práce, rámování a paspartování',	'',	46),
(145,	18,	'Broušení a leptání skla',	'',	NULL),
(146,	19,	'Výroba tepelné energie a rozvod tepelné energie, nepodléhající licenci realizovaná ze zdrojů tepelné energie s instalovaným výkonem jednoho zdroje nad 50 kW',	'',	NULL),
(147,	19,	'Provozování vodovodů a kanalizací a úprava a rozvod vody',	'',	43),
(148,	19,	'Nakládání s odpady (vyjma nebezpečných)',	'',	44),
(149,	19,	'Podnikání v oblasti nakládání s nebezpečnými odpady',	'',	NULL),
(150,	20,	'Poskytování služeb v oblasti bezpečnosti a ochrany zdraví při práci',	'',	NULL),
(151,	20,	'Technicko - organizační činnost v oblasti požární ochrany',	'',	NULL),
(152,	20,	'Ostraha majetku a osob',	'',	NULL),
(153,	20,	'Služby soukromých detektivů',	'',	NULL),
(154,	20,	'Poskytování technických služeb k ochraně majetku a osob',	'',	NULL),
(155,	20,	'Speciální ochranná dezinfekce, dezinsekce a deratizace bez použití toxických nebo vysoce toxických chemických látek a chemických směsí s výjimkou speciální ochranné dezinfekce, dezinsekce a deratizace v potravinářských a zemědělských provozech',	'',	NULL),
(156,	20,	'Speciální ochranná dezinfekce, dezinsekce a deratizace v potravinářských nebo zemědělských provozech',	'',	NULL),
(157,	20,	'Speciální ochranná dezinfekce, dezinsekce a deratizace toxickými nebo vysoce toxickými chemickými látkami nebo chemickými směsmi, s výjimkou speciální ochranné  dezinsekce a deratizace v potravinářských nebo zemědělských provozech',	'',	NULL),
(158,	21,	'Výzkum, vývoj, výroba, ničení, zneškodňování, zpracování, nákup a prodej výbušnin',	'',	NULL),
(159,	21,	'Vývoj, výroba, opravy, úpravy, přeprava, nákup, prodej, půjčování, uschovávání, znehodnocování a ničení zbraní a střeliva',	'',	NULL),
(160,	21,	'Nákup a prodej, půjčování, vývoj, výroba, opravy, úpravy, uschovávání, skladování, přeprava, znehodnocování a ničení bezpečnostního materiálu',	'',	NULL),
(161,	21,	'Provádění pyrotechnického průzkumu',	'',	NULL),
(162,	21,	'Provádění trhacích a ohňostrojných prací',	'',	NULL),
(163,	22,	'Výroba a opravy čalounických výrobků',	'',	37),
(165,	22,	'Výroba a opravy zdrojů ionizujícího záření',	'',	40),
(166,	22,	'Výroba školních a kancelářských potřeb, kromě výrobků z papíru, výroba bižuterie, kartáčnického a konfekčního zboží, deštníků, upomínkových předmětů',	'',	41),
(167,	22,	'Výroba dalších výrobků zpracovatelského průmyslu',	'',	42),
(168,	22,	'Výroba a opravy hudebních nástrojů',	'',	NULL),
(169,	22,	'Zpracování tabáku a výroba tabákových výrobků',	'',	NULL),
(170,	22,	'Výroba a zpracování paliv a maziv Výroba a zpracování paliv a maziv a distribuce pohonných hmot',	'',	NULL),
(171,	23,	'Poskytování software, poradenství v oblasti informačních technologií, zpracování dat, hostingové a související činnosti a webové portály',	'',	56),
(172,	24,	'Výzkum a vývoj v oblasti přírodních a technických věd nebo společenských věd',	'',	64),
(173,	24,	'Testování, měření, analýzy a kontroly',	'',	65),
(174,	24,	'Mimoškolní výchova a vzdělávání, pořádání kurzů, školení, včetně lektorské činnosti',	'',	72),
(175,	24,	'Provozování autoškoly',	'',	NULL),
(176,	24,	'Pořádání kurzů k získání znalostí k výkonu speciální ochranné dezinfekce, dezinsekce a deratizace',	'',	NULL),
(178,	25,	'Vydavatelské činnosti, polygrafická výroba, knihařské a kopírovací práce',	'',	14),
(179,	25,	'Výroba, rozmnožování, distribuce, prodej, pronájem zvukových a zvukově-obrazových záznamů a výroba nenahraných nosičů údajů a záznamů',	'',	15),
(180,	25,	'Činnost informačních a zpravodajských kanceláří',	'',	57),
(181,	26,	'Výroba zdravotnických prostředků',	'',	39),
(182,	26,	'Poskytování zdravotních služeb',	'',	NULL),
(183,	26,	'Provozování nestátního zdravotnického zařízení',	'',	NULL),
(184,	26,	'Výroba a opravy sériově zhotovovaných protéz, trupových ortéz, končetinových ortéz, měkkých bandáží',	'',	NULL),
(185,	26,	'Aplikace, výroba a opravy ortopedické obuvi',	'',	NULL),
(186,	26,	'Oční optika',	'',	NULL),
(187,	26,	'Činnosti, při kterých je porušována integrita lidské kůže',	'',	NULL),
(188,	26,	'Vodní záchranářská služba',	'',	NULL),
(189,	27,	'Provozování kulturních, kulturně-vzdělávacích a zábavních zařízení, pořádání kulturních produkcí, zábav, výstav, veletrhů, přehlídek, prodejních a obdobných akcí',	'',	73),
(190,	27,	'Provozování tělovýchovných a sportovních zařízení a organizování sportovní činnosti',	'',	74),
(191,	27,	'Poskytování tělovýchovných a sportovních služeb v oblasti',	'',	NULL),
(192,	27,	'Provozování střelnic a výuka a výcvik ve střelbě se zbraní',	'',	NULL),
(193,	27,	'Provozování cestovní kanceláře',	'',	NULL),
(194,	27,	'Provozování cestovní agentury a průvodcovská činnost v oblasti cestovního ruchu',	'',	71),
(195,	27,	'Průvodcovská činnost horská',	'',	NULL),
(196,	27,	'Provozování solárií',	'',	NULL),
(197,	27,	'Masérské, rekondiční a regenerační služby',	'',	NULL),
(198,	28,	'Geologické práce',	'',	NULL),
(199,	28,	'Výkon zeměměřičských činností',	'',	NULL),
(200,	28,	'Zpracování návrhu katalogizačních dat',	'',	NULL),
(201,	28,	'Restaurování děl z oboru výtvarných umění, která nejsou kulturními památkami nebo jejich částmi, ale jsou uložena ve sbírkách muzeí a galerií nebo se jedná o předměty kulturní hodnoty',	'',	NULL),
(202,	28,	'Vedení spisovny',	'',	NULL),
(203,	3,	'Oceňování majetku pro věci nemovité',	'',	NULL),
(204,	3,	'Oceňování majetku pro nehmotný majetek',	'',	NULL),
(205,	3,	'Oceňování majetku pro finanční majetek',	'',	NULL),
(206,	3,	'Oceňování majetku pro obchodní závod',	'',	NULL),
(207,	1,	'Výroba, opravy a údržba sportovních potřeb, her, hraček a dětských kočárků',	'',	38),
(208,	1,	'Zprostředkování obchodu a služeb',	'',	47);

DROP TABLE IF EXISTS `fieldscategories`;
CREATE TABLE `fieldscategories` (
  `id` int(11) NOT NULL AUTO_INCREMENT,
  `name` varchar(200) COLLATE utf8_czech_ci NOT NULL,
  PRIMARY KEY (`id`)
) ENGINE=InnoDB DEFAULT CHARSET=utf8 COLLATE=utf8_czech_ci;

INSERT INTO `fieldscategories` (`id`, `name`) VALUES
(1,	'Nemovitosti'),
(2,	'Obchod, dražby, pronájmy'),
(3,	'Poradenství, zprostředkování, oceňování'),
(4,	'Služby osobní'),
(5,	'Služby obchodní a profesní'),
(6,	'Služby všeobecné a ostatní'),
(7,	'Stavebnictví a řemesla'),
(8,	'Zemědělství, chovatelství, lesnictví, rybářství'),
(9,	'Doprava, dopravní prostředky, poštovní a kurýrní služby'),
(10,	'Stroje, nástroje, přístroje a zařízení'),
(11,	'Potravinářství'),
(12,	'Pohostinství a ubytování'),
(13,	'Kovy a kovové výrobky'),
(14,	'Dřevozpracující činnosti, papírnictví'),
(15,	'Nerosty a suroviny (dobývání, zpracování)'),
(16,	'Textilie, oděvy,obuv, kůže'),
(17,	'Chemie, plasty, pryže'),
(18,	'Sklo, keramika'),
(19,	'Elektřina, teplo, plyn, voda, odpady'),
(20,	'Bezpečnost, ochrana osob, zdraví a majetku'),
(21,	'Zbraně, výbušniny'),
(22,	'Ostatní specializovaná výroba'),
(23,	'Informační technologie'),
(24,	'Věda, výzkum, vzdělávání, výuka'),
(25,	'Vydavatelství, nakladatelství, audiovizuální díla, zpravodajství'),
(26,	'Zdravotnictví, záchranářství'),
(27,	'Zábava, sport, cestování, životní styl'),
(28,	'Ostatní');

DROP TABLE IF EXISTS `fieldsgroups`;
CREATE TABLE `fieldsgroups` (
  `id` int(11) NOT NULL AUTO_INCREMENT,
  `fields_id` int(11) NOT NULL,
  `groups_id` int(11) NOT NULL,
  PRIMARY KEY (`id`),
  KEY `fields_id` (`fields_id`),
  KEY `groups_id` (`groups_id`),
  CONSTRAINT `fieldsGroups_ibfk_1` FOREIGN KEY (`fields_id`) REFERENCES `fields` (`id`),
  CONSTRAINT `fieldsGroups_ibfk_2` FOREIGN KEY (`groups_id`) REFERENCES `groups` (`id`)
) ENGINE=InnoDB DEFAULT CHARSET=utf8 COLLATE=utf8_czech_ci;

INSERT INTO `fieldsgroups` (`id`, `fields_id`, `groups_id`) VALUES
(605,	185,	1),
(606,	185,	4),
(607,	134,	1),
(608,	134,	8),
(609,	145,	1),
(610,	145,	4),
(611,	129,	1),
(612,	129,	4),
(613,	180,	2),
(614,	76,	2),
(615,	76,	11),
(616,	34,	2),
(617,	187,	2),
(618,	187,	7),
(619,	135,	2),
(620,	135,	1),
(621,	74,	2),
(622,	74,	11),
(623,	71,	2),
(624,	71,	11),
(625,	32,	2),
(626,	51,	1),
(627,	51,	4),
(628,	198,	2),
(629,	198,	8),
(630,	52,	1),
(631,	52,	8),
(632,	23,	2),
(633,	23,	1),
(634,	23,	7),
(635,	118,	2),
(636,	118,	1),
(637,	118,	6),
(638,	69,	2),
(639,	69,	11),
(640,	63,	1),
(641,	53,	1),
(642,	86,	1),
(643,	54,	1),
(644,	24,	2),
(645,	24,	1),
(646,	24,	7),
(647,	55,	1),
(648,	55,	4),
(649,	56,	1),
(650,	197,	2),
(651,	197,	7),
(652,	174,	2),
(653,	111,	1),
(654,	111,	6),
(655,	112,	1),
(656,	112,	6),
(657,	112,	11),
(658,	105,	1),
(659,	105,	8),
(660,	105,	10),
(661,	104,	1),
(662,	104,	8),
(663,	104,	10),
(664,	106,	1),
(665,	107,	1),
(666,	108,	1),
(667,	148,	2),
(668,	124,	11),
(669,	124,	8),
(670,	13,	2),
(671,	13,	3),
(672,	160,	2),
(673,	160,	3),
(674,	160,	4),
(675,	160,	8),
(676,	31,	2),
(677,	70,	2),
(678,	70,	3),
(679,	70,	11),
(680,	57,	1),
(681,	57,	4),
(682,	17,	2),
(683,	203,	2),
(684,	203,	10),
(685,	204,	2),
(686,	205,	2),
(687,	206,	2),
(688,	186,	2),
(689,	38,	2),
(690,	103,	1),
(691,	103,	8),
(692,	103,	9),
(693,	87,	1),
(694,	87,	8),
(695,	87,	9),
(696,	152,	2),
(697,	26,	2),
(698,	25,	2),
(699,	25,	1),
(700,	25,	7),
(701,	113,	1),
(702,	113,	6),
(703,	72,	2),
(704,	72,	6),
(705,	72,	11),
(706,	114,	1),
(707,	114,	6),
(708,	149,	2),
(709,	58,	1),
(710,	58,	10),
(711,	18,	2),
(712,	176,	2),
(713,	46,	2),
(714,	21,	2),
(715,	21,	7),
(716,	22,	2),
(717,	68,	2),
(718,	68,	11),
(719,	150,	2),
(720,	171,	2),
(721,	171,	8),
(722,	45,	2),
(723,	45,	8),
(724,	154,	2),
(725,	83,	2),
(726,	83,	9),
(727,	123,	1),
(728,	27,	2),
(730,	50,	2),
(731,	50,	4),
(732,	50,	8),
(733,	50,	10),
(734,	101,	2),
(735,	101,	4),
(736,	101,	8),
(737,	39,	2),
(738,	8,	2),
(739,	8,	3),
(740,	41,	2),
(741,	10,	2),
(742,	10,	3),
(743,	161,	2),
(744,	161,	8),
(745,	48,	4),
(746,	48,	10),
(747,	162,	2),
(748,	162,	8),
(749,	11,	2),
(750,	11,	3),
(751,	12,	2),
(752,	12,	3),
(753,	175,	2),
(754,	175,	9),
(755,	194,	2),
(756,	194,	9),
(757,	193,	2),
(758,	193,	9),
(759,	42,	2),
(760,	189,	2),
(761,	40,	2),
(762,	196,	2),
(763,	196,	7),
(764,	192,	2),
(765,	190,	2),
(766,	190,	7),
(767,	147,	2),
(768,	195,	2),
(769,	33,	2),
(770,	36,	2),
(771,	36,	8),
(772,	49,	1),
(773,	49,	10),
(774,	19,	2),
(775,	19,	7),
(776,	3,	2),
(777,	3,	3),
(778,	3,	10),
(779,	30,	2),
(780,	30,	3),
(781,	201,	2),
(782,	201,	1),
(783,	109,	2),
(784,	109,	8),
(785,	115,	1),
(786,	115,	6),
(787,	115,	11),
(788,	91,	2),
(789,	91,	9),
(790,	92,	2),
(791,	92,	9),
(792,	93,	2),
(793,	93,	9),
(794,	94,	2),
(795,	94,	9),
(796,	84,	2),
(797,	84,	3),
(798,	84,	8),
(799,	84,	9),
(800,	144,	2),
(801,	59,	1),
(802,	59,	4),
(803,	153,	2),
(804,	37,	2),
(805,	37,	3),
(806,	155,	1),
(807,	157,	2),
(808,	157,	1),
(809,	156,	6),
(810,	156,	11),
(811,	78,	4),
(812,	78,	8),
(813,	78,	9),
(814,	151,	2),
(815,	173,	2),
(816,	60,	1),
(817,	60,	4),
(818,	119,	2),
(819,	82,	2),
(820,	82,	9),
(821,	122,	1),
(822,	127,	4),
(823,	202,	2),
(824,	4,	2),
(825,	4,	3),
(826,	95,	2),
(827,	95,	9),
(828,	188,	2),
(829,	62,	1),
(830,	62,	10),
(831,	178,	2),
(832,	199,	2),
(833,	199,	10),
(834,	120,	4),
(835,	163,	1),
(836,	163,	4),
(837,	168,	1),
(838,	168,	4),
(839,	132,	1),
(840,	132,	4),
(841,	184,	4),
(842,	184,	8),
(843,	165,	4),
(844,	165,	8),
(845,	116,	4),
(846,	142,	4),
(847,	142,	11),
(848,	170,	3),
(849,	170,	4),
(850,	170,	8),
(851,	143,	1),
(852,	143,	4),
(853,	67,	4),
(854,	167,	4),
(855,	80,	4),
(856,	80,	8),
(857,	80,	9),
(858,	98,	1),
(859,	98,	4),
(860,	98,	8),
(861,	138,	4),
(862,	138,	11),
(863,	81,	4),
(864,	81,	9),
(865,	128,	4),
(866,	121,	1),
(867,	121,	4),
(868,	73,	4),
(869,	73,	11),
(870,	97,	4),
(871,	97,	8),
(872,	77,	4),
(873,	77,	8),
(874,	77,	9),
(875,	141,	4),
(876,	141,	8),
(877,	99,	4),
(878,	139,	4),
(879,	139,	8),
(880,	110,	4),
(881,	110,	6),
(882,	110,	11),
(883,	47,	1),
(884,	47,	4),
(885,	100,	4),
(886,	100,	8),
(887,	166,	4),
(888,	146,	4),
(889,	146,	8),
(890,	131,	1),
(891,	131,	4),
(892,	126,	4),
(893,	126,	11),
(894,	181,	4),
(895,	102,	1),
(896,	102,	4),
(897,	102,	8),
(899,	179,	2),
(900,	79,	4),
(901,	79,	8),
(902,	79,	9),
(903,	159,	2),
(904,	159,	3),
(905,	159,	4),
(906,	159,	8),
(907,	172,	2),
(908,	172,	8),
(909,	158,	2),
(910,	158,	3),
(911,	158,	4),
(912,	158,	8),
(913,	64,	1),
(914,	64,	4),
(915,	96,	2),
(916,	96,	3),
(917,	7,	2),
(918,	7,	3),
(919,	65,	1),
(920,	65,	10),
(921,	66,	1),
(922,	125,	1),
(923,	125,	4),
(924,	125,	11),
(925,	140,	1),
(926,	140,	4),
(927,	130,	1),
(928,	130,	4),
(929,	136,	1),
(930,	136,	11),
(931,	200,	2),
(932,	169,	1),
(933,	169,	4),
(934,	169,	11),
(935,	2,	3),
(936,	2,	10),
(937,	182,	2),
(938,	9,	3),
(939,	9,	10),
(940,	183,	2),
(941,	183,	7),
(942,	90,	2),
(943,	208,	2),
(944,	208,	3),
(945,	207,	4);

DROP TABLE IF EXISTS `fieldstypes`;
CREATE TABLE `fieldstypes` (
  `id` int(11) NOT NULL AUTO_INCREMENT,
  `fields_id` int(11) NOT NULL,
  `type_id` int(11) NOT NULL,
  PRIMARY KEY (`id`),
  KEY `fields_id` (`fields_id`),
  KEY `type_id` (`type_id`),
  CONSTRAINT `fieldsTypes_ibfk_1` FOREIGN KEY (`fields_id`) REFERENCES `fields` (`id`),
  CONSTRAINT `fieldsTypes_ibfk_2` FOREIGN KEY (`type_id`) REFERENCES `types` (`id`)
) ENGINE=InnoDB DEFAULT CHARSET=utf8 COLLATE=utf8_czech_ci;

INSERT INTO `fieldstypes` (`id`, `fields_id`, `type_id`) VALUES
(571,	185,	1),
(572,	134,	1),
(573,	145,	1),
(574,	129,	2),
(575,	180,	2),
(576,	76,	2),
(577,	34,	3),
(578,	187,	3),
(579,	135,	1),
(580,	74,	2),
(581,	71,	3),
(582,	32,	2),
(583,	51,	1),
(584,	198,	3),
(585,	52,	1),
(586,	23,	1),
(587,	118,	1),
(588,	69,	2),
(589,	63,	1),
(590,	53,	1),
(591,	86,	1),
(592,	54,	1),
(593,	75,	4),
(594,	24,	1),
(596,	55,	1),
(597,	56,	1),
(598,	197,	3),
(600,	174,	2),
(601,	111,	1),
(602,	112,	1),
(603,	105,	1),
(604,	104,	1),
(605,	106,	1),
(606,	107,	1),
(607,	108,	1),
(608,	148,	2),
(609,	124,	2),
(610,	13,	3),
(611,	160,	4),
(612,	31,	2),
(613,	70,	3),
(614,	57,	1),
(615,	17,	3),
(616,	203,	3),
(617,	204,	3),
(618,	205,	3),
(619,	206,	3),
(620,	186,	3),
(621,	38,	2),
(622,	103,	1),
(623,	87,	1),
(624,	152,	4),
(625,	26,	3),
(626,	25,	1),
(627,	113,	1),
(628,	72,	2),
(629,	114,	1),
(630,	149,	3),
(631,	58,	1),
(632,	18,	2),
(633,	176,	3),
(634,	46,	3),
(635,	21,	2),
(636,	22,	2),
(637,	68,	2),
(638,	150,	3),
(639,	171,	2),
(640,	45,	2),
(641,	154,	4),
(642,	191,	3),
(644,	83,	2),
(645,	123,	2),
(646,	27,	2),
(648,	50,	3),
(649,	101,	2),
(650,	39,	2),
(651,	8,	2),
(653,	41,	4),
(654,	10,	3),
(655,	161,	4),
(656,	48,	3),
(657,	162,	4),
(658,	11,	4),
(659,	12,	4),
(660,	175,	3),
(661,	194,	2),
(662,	193,	4),
(663,	42,	4),
(664,	189,	2),
(666,	40,	4),
(668,	196,	3),
(669,	192,	4),
(670,	190,	2),
(671,	147,	2),
(672,	195,	3),
(673,	33,	2),
(674,	36,	2),
(675,	49,	2),
(676,	19,	3),
(677,	3,	2),
(678,	30,	2),
(679,	201,	3),
(680,	109,	3),
(681,	115,	1),
(682,	91,	4),
(683,	92,	4),
(684,	93,	4),
(685,	94,	4),
(686,	84,	2),
(687,	144,	2),
(688,	59,	1),
(689,	153,	4),
(690,	37,	2),
(691,	155,	3),
(692,	157,	3),
(693,	156,	3),
(694,	78,	2),
(696,	151,	3),
(697,	173,	2),
(698,	60,	1),
(699,	119,	2),
(700,	82,	2),
(701,	122,	2),
(702,	127,	2),
(703,	202,	4),
(704,	4,	2),
(705,	95,	4),
(706,	188,	3),
(707,	62,	1),
(708,	178,	2),
(709,	199,	3),
(710,	120,	2),
(711,	163,	2),
(712,	168,	1),
(713,	132,	2),
(714,	184,	3),
(715,	165,	2),
(716,	116,	4),
(717,	142,	4),
(718,	170,	4),
(719,	143,	2),
(720,	67,	2),
(721,	167,	2),
(722,	80,	2),
(723,	98,	2),
(724,	138,	2),
(725,	137,	1),
(726,	81,	2),
(727,	128,	2),
(728,	121,	2),
(729,	73,	2),
(730,	97,	2),
(731,	77,	2),
(732,	141,	3),
(733,	99,	2),
(734,	139,	2),
(735,	110,	2),
(736,	47,	2),
(737,	100,	2),
(738,	166,	2),
(739,	146,	4),
(740,	131,	2),
(741,	126,	2),
(742,	181,	2),
(743,	102,	1),
(744,	43,	2),
(745,	179,	2),
(746,	79,	2),
(747,	159,	4),
(748,	172,	2),
(749,	158,	4),
(750,	64,	1),
(751,	96,	2),
(752,	7,	2),
(753,	65,	1),
(754,	66,	1),
(755,	125,	2),
(756,	140,	1),
(757,	130,	1),
(758,	136,	1),
(759,	200,	3),
(760,	169,	3),
(761,	2,	5),
(762,	182,	5),
(763,	9,	5),
(764,	183,	5),
(765,	90,	5),
(766,	207,	2),
(767,	208,	2);

DROP VIEW IF EXISTS `ft_view`;
CREATE TABLE `ft_view` (`id` int(11), `field_name` varchar(300), `type_id` int(11), `name` varchar(200), `desc` text);


DROP TABLE IF EXISTS `groups`;
CREATE TABLE `groups` (
  `id` int(11) NOT NULL AUTO_INCREMENT,
  `name` varchar(200) COLLATE utf8_czech_ci NOT NULL,
  PRIMARY KEY (`id`)
) ENGINE=InnoDB DEFAULT CHARSET=utf8 COLLATE=utf8_czech_ci;

INSERT INTO `groups` (`id`, `name`) VALUES
(1,	'řemesla'),
(2,	'služby'),
(3,	'obchod'),
(4,	'výroba a průmysl'),
(6,	'potraviny'),
(7,	'kosmetika a wellness'),
(8,	'technologie'),
(9,	'doprava'),
(10,	'nemovitosti a stavebnictví'),
(11,	'zemědělství, chov, lesnictví');

DROP TABLE IF EXISTS `invoice`;
CREATE TABLE `invoice` (
  `id` int(11) NOT NULL AUTO_INCREMENT,
  `company_id` int(11) NOT NULL,
  `created` timestamp NOT NULL DEFAULT CURRENT_TIMESTAMP,
  `docs_id` int(11) NOT NULL COMMENT 'zalohova faktura',
  `invoice_docs_id` int(11) DEFAULT NULL COMMENT 'konecna faktura',
  `deposit` int(11) NOT NULL DEFAULT '1',
  `payed` int(11) NOT NULL DEFAULT '0',
  PRIMARY KEY (`id`),
  KEY `company_id` (`company_id`),
  KEY `docs_id` (`docs_id`),
  CONSTRAINT `invoice_ibfk_3` FOREIGN KEY (`company_id`) REFERENCES `company` (`id`) ON DELETE CASCADE
) ENGINE=InnoDB DEFAULT CHARSET=utf8 COLLATE=utf8_czech_ci;


DROP TABLE IF EXISTS `justice_limit`;
CREATE TABLE `justice_limit` (
  `id` bigint(20) NOT NULL AUTO_INCREMENT,
  `ip` varchar(255) COLLATE utf8_czech_ci NOT NULL,
  `count` int(11) NOT NULL DEFAULT '0',
  `date` date NOT NULL,
  PRIMARY KEY (`id`),
  UNIQUE KEY `ip_date` (`ip`,`date`)
) ENGINE=InnoDB DEFAULT CHARSET=utf8 COLLATE=utf8_czech_ci;


DROP TABLE IF EXISTS `news`;
CREATE TABLE `news` (
  `id` int(11) NOT NULL AUTO_INCREMENT,
  `author` int(11) NOT NULL,
  `name` varchar(300) COLLATE utf8_czech_ci NOT NULL,
  `text` varchar(1000) COLLATE utf8_czech_ci NOT NULL,
  `date` timestamp NOT NULL DEFAULT CURRENT_TIMESTAMP ON UPDATE CURRENT_TIMESTAMP,
  PRIMARY KEY (`id`),
  KEY `author` (`author`),
  CONSTRAINT `news_ibfk_1` FOREIGN KEY (`author`) REFERENCES `users` (`id`)
) ENGINE=InnoDB DEFAULT CHARSET=utf8 COLLATE=utf8_czech_ci;


DROP VIEW IF EXISTS `news_view`;
CREATE TABLE `news_view` (`author_name` varchar(50), `id` int(11), `author` int(11), `name` varchar(300), `text` varchar(1000), `date` timestamp);


DROP TABLE IF EXISTS `payments`;
CREATE TABLE `payments` (
  `id` int(11) NOT NULL AUTO_INCREMENT,
  `desc` varchar(200) COLLATE utf8_czech_ci NOT NULL,
  `info` varchar(500) COLLATE utf8_czech_ci NOT NULL,
  `value` double NOT NULL,
  `step` int(11) NOT NULL,
  `vat` float NOT NULL,
  `w_vat` float NOT NULL,
  PRIMARY KEY (`id`)
) ENGINE=InnoDB DEFAULT CHARSET=utf8 COLLATE=utf8_czech_ci;

INSERT INTO `payments` (`id`, `desc`, `info`, `value`, `step`, `vat`, `w_vat`) VALUES
(1,	'Soudní poplatek za zápis do obchodního rejstříku',	'Poplatek rejstříkovému soudu.',	2700,	1,	0,	2700),
(2,	'Notářský poplatek za zápis do obchodního rejstříku',	'Poplatek notáři.',	363,	1,	21,	300),
(3,	'Osvědčovací notářský zápis',	'Poplatek notáři nezbytný k provedení zápisu firmy do rejstříku přímo notářem.',	1210,	1,	21,	1000),
(4,	'Odměna notáře',	'Odměna notáře za notářský zápis dle notářského tarifu. Minimální odměna je 4 000Kč bez DPH. Zvyšuje se podle vzorce určeného tímto tarifem od základního kapitálu, který překročí 266 500Kč.',	4840,	1,	21,	4000),
(5,	'Správní poplatek za živnostenské oprávnění',	'Poplatek živnostenskému úřadu za vydání živnostenského oprávnění.',	1000,	1,	0,	1000),
(6,	'Administrativní poplatek za založení firmy',	'Poplatek kryjící veškeré náklady založení, včetně ověřených kopií, cestovních nákladů a dalších výdajů.',	0,	1,	21,	0),
(7,	'Provozování poštovních a zahraničních poštovních služeb',	'',	1815,	2,	21,	1500),
(8,	'Poskytování zdravotních služeb',	'',	1815,	2,	21,	1500),
(9,	'Provozování nestátního zdravotnického zařízení',	'',	1815,	2,	21,	1500),
(10,	'Zahraniční fyzická nebo právnická osoba - společník',	'',	3025,	4,	21,	2500),
(11,	'Zahraniční fyzická nebo právnická osoba - jednatel',	'',	1089,	6,	21,	900),
(12,	'Jiný způsob jednání',	'',	605,	6,	21,	500),
(13,	'Daň z přidané hodnoty',	'',	968,	8,	21,	800),
(14,	'Daň z příjmu',	'',	1936,	8,	21,	1600),
(15,	'Silniční daň',	'',	968,	8,	21,	800),
(16,	'Daň z příjmu fyzických osob',	'',	968,	8,	21,	800),
(17,	'Daň vybíraná srážkou',	'',	1815,	8,	21,	1500),
(18,	'Raiffeisenbank',	'',	605,	9,	21,	500),
(19,	'mBank',	'',	242,	9,	21,	200),
(20,	'Fio banka',	'',	242,	9,	21,	200),
(21,	'Česká spořitelna',	'',	242,	9,	21,	200),
(22,	'Citibank',	'',	242,	9,	21,	200),
(23,	'Compliance',	'',	605,	9,	21,	500),
(24,	'Fio',	'',	242,	9,	21,	200);

DROP TABLE IF EXISTS `person`;
CREATE TABLE `person` (
  `id` int(11) NOT NULL AUTO_INCREMENT,
  `choice` int(11) NOT NULL,
  `name` varchar(100) COLLATE utf8_czech_ci NOT NULL,
  `ico` varchar(100) COLLATE utf8_czech_ci DEFAULT NULL,
  `person_id` varchar(15) COLLATE utf8_czech_ci DEFAULT NULL,
  `surname` varchar(100) COLLATE utf8_czech_ci DEFAULT NULL,
  `date` timestamp NULL DEFAULT CURRENT_TIMESTAMP ON UPDATE CURRENT_TIMESTAMP,
  `title_pre` varchar(50) COLLATE utf8_czech_ci DEFAULT NULL,
  `title_suf` varchar(50) COLLATE utf8_czech_ci DEFAULT NULL,
  `tel` int(11) DEFAULT NULL,
  `place` int(11) DEFAULT NULL,
  `text` varchar(1000) COLLATE utf8_czech_ci DEFAULT NULL,
  `user_id` int(11) DEFAULT NULL,
  PRIMARY KEY (`id`),
  KEY `place` (`place`),
  KEY `user_id` (`user_id`),
  CONSTRAINT `person_ibfk_1` FOREIGN KEY (`place`) REFERENCES `seat` (`id`),
  CONSTRAINT `person_ibfk_2` FOREIGN KEY (`user_id`) REFERENCES `users` (`id`) ON DELETE SET NULL
) ENGINE=InnoDB DEFAULT CHARSET=utf8 COLLATE=utf8_czech_ci;


DROP TABLE IF EXISTS `phone_service`;
CREATE TABLE `phone_service` (
  `id` int(11) NOT NULL AUTO_INCREMENT,
  `name` varchar(255) COLLATE utf8_czech_ci NOT NULL,
  `info` text COLLATE utf8_czech_ci,
  `price` float(10,2) NOT NULL,
  `vat` int(11) NOT NULL DEFAULT '0',
  `active` tinyint(4) NOT NULL DEFAULT '1',
  PRIMARY KEY (`id`)
) ENGINE=InnoDB DEFAULT CHARSET=utf8 COLLATE=utf8_czech_ci;

INSERT INTO `phone_service` (`id`, `name`, `info`, `price`, `vat`, `active`) VALUES
(1,	'Bez telefonu',	'',	0.00,	21,	1),
(2,	'Přesměrování',	'Telefon bude přesměrován na české telefonní číslo dle vašeho výběru.\r\n',	45.00,	21,	1),
(3,	'Telefonní linka s obsluhou',	'Telefon obsluhuje operátorka na recepci, přijme hovory a převezme vzkazy jménem vaší firmy.\r\n',	150.00,	21,	1);

DROP TABLE IF EXISTS `post_service`;
CREATE TABLE `post_service` (
  `id` int(11) NOT NULL AUTO_INCREMENT,
  `name` varchar(255) COLLATE utf8_czech_ci NOT NULL,
  `info` text COLLATE utf8_czech_ci,
  `price` float(10,2) NOT NULL,
  `vat` int(11) NOT NULL DEFAULT '0',
  `active` tinyint(4) NOT NULL DEFAULT '1',
  PRIMARY KEY (`id`)
) ENGINE=InnoDB DEFAULT CHARSET=utf8 COLLATE=utf8_czech_ci;

INSERT INTO `post_service` (`id`, `name`, `info`, `price`, `vat`, `active`) VALUES
(1,	'Bez pošty',	'Pošta nebude přebírána, doporučujeme zřídit dosílku u České pošty.',	0.00,	21,	1),
(2,	'Osobní odběr (oznámení emailem)',	NULL,	55.00,	21,	1),
(3,	'Měsíční dosílka, doslání na žádost (1x měsíčně), skenování 20 stran',	NULL,	110.00,	21,	1);

DROP TABLE IF EXISTS `progress`;
CREATE TABLE `progress` (
  `id` int(11) NOT NULL AUTO_INCREMENT,
  `name` varchar(200) COLLATE utf8_czech_ci NOT NULL,
  `description` varchar(1000) COLLATE utf8_czech_ci NOT NULL,
  `email_header` varchar(500) COLLATE utf8_czech_ci NOT NULL,
  `email_body` varchar(1500) COLLATE utf8_czech_ci NOT NULL,
  PRIMARY KEY (`id`)
) ENGINE=InnoDB DEFAULT CHARSET=utf8 COLLATE=utf8_czech_ci;

INSERT INTO `progress` (`id`, `name`, `description`, `email_header`, `email_body`) VALUES
(0,	'Nothing done',	'',	'',	''),
(1,	'Přijali jsme dokumenty',	'',	'Přijali jsme dokumentaci',	'<p>Dobrý den,</p>  <p>dokumenty k založení Vaší společnosti byly přijaty a nyní probíhá jejich zpracování.</p>  <p>Po přijetí platby a dokumentace budou zahájeny kroky k zápisu společnosti. O dalším průběhu Vás budeme průběžně informovat.</p>  <p>S pozdravem, Vaši Piráti</p>'),
(2,	'Dokumenty jsou v pořádku',	'',	'Všechny dokumenty jsou v pořádku',	'<p>Dobrý den,</p>  <p>všechny dokumenty k založení Vaší společnosti jsou v pořádku.</p>  <p>Po přijetí platby a dokumentace budou zahájeny kroky k zápisu společnosti. O dalším průběhu Vás budeme průběžně informovat.</p>  <p>S pozdravem, Vaši Piráti</p>'),
(3,	'Přijali jsme platbu',	'',	'Přijali jsme Vaši platbu',	'<p>Dobrý den,</p>  <p>děkujeme za úhradu nákladů na založení Vaší společnosti.</p>  <p>Po přijetí platby a dokumentace budou zahájeny kroky k zápisu společnosti. O dalším průběhu Vás budeme průběžně informovat.</p>  <p>S pozdravem, Vaši Piráti</p>'),
(4,	'Přijali jsme základní kapitál',	'',	'Základní kapitál složen',	'<p>Dobrý den,</p>  <p>základní kapitál k Vaší společnosti byl složen.</p>  <p>S pozdravem, Vaši Piráti</p>'),
(5,	'Vznikl notářský zápis',	'',	'Vznikl notářský zápis, probíhají registrace',	'<p>Dobrý den,</p>  <p>Vaše firma byla založena – byl sepsán notářský zápis. Nyní probíhají registrace na příslušných úřadech.</p>  <p>S pozdravem, Vaši Piráti</p>'),
(6,	'ŽÚ a ostatní oprávnění',	'',	'Živnostenský úřad a další oprávnění k podnikání',	'<p>Vaše firma právě získala všechna potřebná podnikatelská oprávnění.</p>  <p>S pozdravem, Vaši Piráti</p>'),
(7,	'Banka',	'',	'Byl založen účet v bance',	'<p>Dobrý den,</p>  <p>byl založen účet ve Vámi vybrané bance. Dalším krokem bude zápis do Obchodního rejstříku, čímž bude proces založení firmy dokončen. K finančním prostředkům na účtu získáte přístup hned poté.</p>  <p>S pozdravem, Vaši Piráti</p>'),
(8,	'Zápis do OR',	'',	'Proběhl zápis do Obchodního rejstříku',	'<p>Dobrý den,</p>  <p>Vaše společnost byla zapsána do Obchodního rejstříku. Vše je připraveno. Můžete nyní zajít do Vámi vybrané banky převzít účet s Vaším základním kapitálem a začít vyvíjet obchodní činnost. Během 5 dní Vám poštou přijde i papírová dokumentace k Vaší firmě.</p>  <p>Nezapomeňte se do dvou týdnů na Finančním úřadě zaregistrovat k dani z příjmu. Až pan Babiš přijme námi navržené zákony, tak už to úředníci udělají za Vás automaticky.</p>  <p>S pozdravem, Vaši Piráti</p>'),
(9,	'Hodnocení',	'',	'Líbilo se Vám založení firmy pomocí software of Pirátů?',	'<p>Dobrý den,</p>  <p>těší nás, že jste použil/a software od Pirátů k založení Vaší firmy, a podpořil/a tak digitalizaci státní správy. Každá další založená firma přes náš software je argumentem pro vládu, aby přijala naše návrhy v oblasti digitalizace a zjednodušila život podnikatelům. Prosím ohodnoťte naši službu.</p>  <p><odkaz na hodnocení - hvězdičky a komentář, vyplněná hodnocení chodí na urad@pirati.cz></p>  <p>Děkujeme, Vaši Piráti</p>');

DROP TABLE IF EXISTS `seat`;
CREATE TABLE `seat` (
  `id` int(11) NOT NULL AUTO_INCREMENT,
  `street` varchar(200) COLLATE utf8_czech_ci DEFAULT NULL,
  `street_number` varchar(30) COLLATE utf8_czech_ci DEFAULT NULL,
  `city_part` varchar(200) COLLATE utf8_czech_ci DEFAULT NULL,
  `city` varchar(200) COLLATE utf8_czech_ci DEFAULT NULL,
  `zip_code` int(11) DEFAULT NULL,
  `state` varchar(200) COLLATE utf8_czech_ci DEFAULT NULL,
  `owner_name` varchar(200) COLLATE utf8_czech_ci DEFAULT NULL,
  `address` varchar(300) COLLATE utf8_czech_ci DEFAULT NULL,
  PRIMARY KEY (`id`)
) ENGINE=InnoDB DEFAULT CHARSET=utf8 COLLATE=utf8_czech_ci;


DROP TABLE IF EXISTS `seat_service`;
CREATE TABLE `seat_service` (
  `id` int(11) NOT NULL AUTO_INCREMENT,
  `name` varchar(255) COLLATE utf8_czech_ci NOT NULL,
  `street` varchar(255) COLLATE utf8_czech_ci DEFAULT NULL,
  `street_number` varchar(255) COLLATE utf8_czech_ci DEFAULT NULL,
  `city_part` varchar(255) COLLATE utf8_czech_ci DEFAULT NULL,
  `city` varchar(255) COLLATE utf8_czech_ci DEFAULT NULL,
  `zip_code` varchar(255) COLLATE utf8_czech_ci DEFAULT NULL,
  `state` varchar(255) COLLATE utf8_czech_ci DEFAULT NULL,
  `price_12` float(10,2) NOT NULL,
  `price_24` float(10,2) NOT NULL,
  `price_36` float(10,2) NOT NULL,
  `vat` int(11) NOT NULL DEFAULT '0',
  `active` tinyint(4) NOT NULL DEFAULT '1',
  PRIMARY KEY (`id`),
  KEY `city` (`city`),
  KEY `zip_code` (`zip_code`),
  KEY `state` (`state`)
) ENGINE=InnoDB DEFAULT CHARSET=utf8 COLLATE=utf8_czech_ci;

INSERT INTO `seat_service` (`id`, `name`, `street`, `street_number`, `city_part`, `city`, `zip_code`, `state`, `price_12`, `price_24`, `price_36`, `vat`, `active`) VALUES
(1,	'Praha 1, Školská',	NULL,	NULL,	NULL,	NULL,	NULL,	NULL,	860.00,	740.00,	630.00,	21,	0),
(2,	'Praha 2, Karlovo náměstí',	'Karlovo náměstí',	'290/16',	NULL,	'Praha 2',	'12000',	'Česká republika',	475.00,	325.00,	267.00,	21,	1),
(3,	'Praha 3, Husinecká',	NULL,	NULL,	NULL,	NULL,	NULL,	NULL,	590.00,	510.00,	430.00,	21,	0),
(4,	'Praha 9, Poličanská',	NULL,	NULL,	NULL,	NULL,	NULL,	NULL,	430.00,	370.00,	315.00,	21,	0),
(5,	'Karlovy Vary, U Řempa',	NULL,	NULL,	NULL,	NULL,	NULL,	NULL,	136.00,	115.00,	99.00,	21,	0);

DROP TABLE IF EXISTS `seat_service_tarif`;
CREATE TABLE `seat_service_tarif` (
  `id` int(11) NOT NULL AUTO_INCREMENT,
  `months` int(11) NOT NULL,
  `discount` int(11) DEFAULT NULL COMMENT 'procentualni sleva',
  `active` tinyint(4) NOT NULL DEFAULT '1',
  PRIMARY KEY (`id`)
) ENGINE=InnoDB DEFAULT CHARSET=utf8 COLLATE=utf8_czech_ci;

INSERT INTO `seat_service_tarif` (`id`, `months`, `discount`, `active`) VALUES
(16,	12,	NULL,	1),
(17,	24,	14,	1),
(18,	36,	27,	1);

DROP TABLE IF EXISTS `taxes`;
CREATE TABLE `taxes` (
  `id` int(11) NOT NULL AUTO_INCREMENT,
  `name` varchar(200) COLLATE utf8_czech_ci NOT NULL,
  `order` int(11) NOT NULL,
  `payment_id` int(11) DEFAULT NULL,
  PRIMARY KEY (`id`),
  KEY `payment_id` (`payment_id`),
  CONSTRAINT `taxes_ibfk_1` FOREIGN KEY (`payment_id`) REFERENCES `payments` (`id`) ON DELETE SET NULL
) ENGINE=InnoDB DEFAULT CHARSET=utf8 COLLATE=utf8_czech_ci;

INSERT INTO `taxes` (`id`, `name`, `order`, `payment_id`) VALUES
(1,	'Daň z příjmu právnických osob',	1,	14),
(2,	'Daň z přidané hodnoty',	5,	13),
(3,	'Silniční daň',	2,	15),
(4,	'Daň z příjmu fyzických osob',	3,	16),
(5,	'Daň vybíraná srážkou',	4,	17);

DROP TABLE IF EXISTS `types`;
CREATE TABLE `types` (
  `id` int(11) NOT NULL AUTO_INCREMENT,
  `name` varchar(200) COLLATE utf8_czech_ci NOT NULL,
  `desc` varchar(1000) COLLATE utf8_czech_ci NOT NULL,
  `order` int(11) NOT NULL,
  PRIMARY KEY (`id`)
) ENGINE=InnoDB DEFAULT CHARSET=utf8 COLLATE=utf8_czech_ci;

INSERT INTO `types` (`id`, `name`, `desc`, `order`) VALUES
(1,	'řemeslná',	'Je třeba doložit dokument, který osvědčí jednu z následujících možností: <ol type=\'a\'> <li>střední vzdělání s výučním listem v oboru nebo střední vzdělání s výučním listem v příbuzném oboru a 1 rok praxe, nebo</li> <li>střední vzdělání s maturitou v oboru nebo střední vzdělání s maturitou v příbuzném oboru a 1 rok praxe, nebo</li> <li>vyšší odborné vzdělání v oboru nebo vyšší odborné vzdělání v příbuzném oboru a 1 rok praxe, nebo</li> <li>vysokoškolské vzdělání v příslušném nebo příbuzném oboru, nebo</li> <li>uznání odborné kvalifikace podle zákona 18/2004 Sb. nebo ověření/uznání úplné kvalifikace podle zákona 179/2006 Sb., nebo</li> <li>osvědčení o rekvalifikaci nebo jiný doklad o odborné kvalifikaci v oboru vydaný akreditovaným zařízením a 1 rok praxe v oboru, nebo</li> <li>vykonání šestileté praxe v oboru, nebo</li> <li>v případě kvalifikace získané činností v jiném státě EU doklady podle § 7 živnostenského zákona</li> </ol>',	2),
(2,	'volná',	'Tato živnost nevyžaduje splnění dalších regulací.',	1),
(3,	'vázaná',	'Přílohy živnostenského zákona stanovují kritéria pro odpovědné osoby. Prosím najděte svou živnost v <a target=\'_blank\' href=\'\\docs/zivnosti_vazane.pdf\'>tomto seznamu</a>. Po vyplnění formuláře založení firmy Vás vyzveme k doložení požadovaných skutečností. V případě dotazů se prosím obraťte na <a href=\'mailto:urad@pirati.cz\'>urad@pirati.cz</a>.',	3),
(4,	'koncesovaná',	'Přílohy živnostenského zákona stanovují kritéria pro odpovědné osoby. Prosím najděte svou živnost v <a target=\'_blank\' href=\'\\docs/zivnosti_koncesovane.pdf\'>tomto seznamu</a>. Po vyplnění formuláře založení firmy Vás vyzveme k doložení požadovaných skutečností. V případě dotazů se prosím obraťte na <a href=\'mailto:urad@pirati.cz\'>urad@pirati.cz</a>.',	4),
(5,	'ostatní',	'Toto povolání se neřídí živnostenským zákonem, nýbrž zvláštním  where id=4;\nprávním předpisem. Pokud jej chcete provozovat, prosím spojte se s námi na <a href=\'mailto:urad@pirati.cz\'>urad@pirati.cz</a>, kde vám sdělíme, jak dále postupovat.',	5);


DROP TABLE IF EXISTS `users`;
CREATE TABLE `users` (
  `id` int(11) NOT NULL AUTO_INCREMENT,
  `username` varchar(30) COLLATE utf8_czech_ci NOT NULL,
  `password` char(128) COLLATE utf8_czech_ci NOT NULL,
  `name` varchar(50) COLLATE utf8_czech_ci NOT NULL,
  `surname` varchar(50) COLLATE utf8_czech_ci NOT NULL,
  `mail` varchar(80) COLLATE utf8_czech_ci NOT NULL,
  `factname` varchar(200) COLLATE utf8_czech_ci NOT NULL,
  `register` timestamp NULL DEFAULT CURRENT_TIMESTAMP,
  `checkTimestamp` timestamp NULL DEFAULT NULL,
  `checkFlag` varchar(100) COLLATE utf8_czech_ci NOT NULL,
  `role` int(11) NOT NULL DEFAULT '0',
  PRIMARY KEY (`id`),
  UNIQUE KEY `username` (`username`)
) ENGINE=InnoDB DEFAULT CHARSET=utf8 COLLATE=utf8_czech_ci;


DROP TABLE IF EXISTS `ca_view`;
CREATE ALGORITHM=UNDEFINED SQL SECURITY DEFINER VIEW `ca_view` AS select `company_actions`.`id` AS `id`,`company_actions`.`company_id` AS `company_id`,`company_actions`.`acting_id` AS `acting_id`,`company_actions`.`desc` AS `desc`,`acting`.`name` AS `name` from (`company_actions` join `acting` on((`company_actions`.`acting_id` = `acting`.`id`)));

DROP TABLE IF EXISTS `cf_view`;
CREATE ALGORITHM=UNDEFINED SQL SECURITY DEFINER VIEW `cf_view` AS select `company_fields`.`company_id` AS `company_id`,`company`.`name` AS `name`,`company_fields`.`fields_id` AS `fields_id`,`fields`.`name` AS `field_name` from ((`company_fields` join `company` on((`company`.`id` = `company_fields`.`company_id`))) join `fields` on((`fields`.`id` = `company_fields`.`fields_id`)));

DROP TABLE IF EXISTS `cpg_view`;
CREATE ALGORITHM=UNDEFINED SQL SECURITY DEFINER VIEW `cpg_view` AS select `company_progress`.`id` AS `id`,`company_progress`.`last_change` AS `last_change`,`company_progress`.`company_id` AS `company_id`,`company_progress`.`note` AS `note`,`company_progress`.`progress_id` AS `progress_id`,`company`.`name` AS `company_name` from (`company_progress` join `company` on((`company`.`id` = `company_progress`.`company_id`)));

DROP TABLE IF EXISTS `cp_view`;
CREATE ALGORITHM=UNDEFINED SQL SECURITY DEFINER VIEW `cp_view` AS select `company_person`.`share` AS `share`,`company_person`.`acting` AS `acting`,`company_person`.`company_id` AS `company_id`,`person`.`id` AS `id`,`person`.`choice` AS `choice`,`person`.`name` AS `name`,`person`.`ico` AS `ico`,`person`.`person_id` AS `person_id`,`person`.`surname` AS `surname`,`person`.`date` AS `date`,`person`.`title_pre` AS `title_pre`,`person`.`title_suf` AS `title_suf`,`person`.`tel` AS `tel`,`person`.`place` AS `place`,`person`.`text` AS `text` from (`company_person` join `person` on((`person`.`id` = `company_person`.`person_id`)));

DROP TABLE IF EXISTS `ct_view`;
CREATE ALGORITHM=UNDEFINED SQL SECURITY DEFINER VIEW `ct_view` AS select `company_tax`.`company_id` AS `company_id`,`company`.`name` AS `name`,`company_tax`.`tax_id` AS `tax_id`,`taxes`.`name` AS `tax_name` from ((`company_tax` join `company` on((`company`.`id` = `company_tax`.`company_id`))) join `taxes` on((`taxes`.`id` = `company_tax`.`tax_id`)));

DROP TABLE IF EXISTS `fc_view`;
CREATE ALGORITHM=UNDEFINED SQL SECURITY DEFINER VIEW `fc_view` AS select `f`.`id` AS `id`,`f`.`name` AS `field_name`,`fg`.`groups_id` AS `groups_id`,`g`.`name` AS `group_name` from ((`fields` `f` join `fieldsgroups` `fg` on((`fg`.`fields_id` = `f`.`id`))) join `groups` `g` on((`g`.`id` = `fg`.`groups_id`)));

DROP TABLE IF EXISTS `fg_view`;
CREATE ALGORITHM=UNDEFINED SQL SECURITY DEFINER VIEW `fg_view` AS (select `fc_view`.`id` AS `id`,`fc_view`.`field_name` AS `field_name`,group_concat(distinct `fc_view`.`groups_id` separator ',') AS `groups`,group_concat(distinct `fc_view`.`group_name` separator ',') AS `group_names` from `fc_view` group by `fc_view`.`id`);

DROP TABLE IF EXISTS `ft_view`;
CREATE ALGORITHM=UNDEFINED SQL SECURITY DEFINER VIEW `ft_view` AS select `f`.`id` AS `id`,`f`.`name` AS `field_name`,`ft`.`type_id` AS `type_id`,`t`.`name` AS `name`,ifnull(nullif(`f`.`description`,''),`t`.`desc`) AS `desc` from ((`fields` `f` join `fieldstypes` `ft` on((`ft`.`fields_id` = `f`.`id`))) join `types` `t` on((`t`.`id` = `ft`.`type_id`)));

DROP TABLE IF EXISTS `news_view`;
CREATE ALGORITHM=UNDEFINED SQL SECURITY DEFINER VIEW `news_view` AS select `u`.`name` AS `author_name`,`n`.`id` AS `id`,`n`.`author` AS `author`,`n`.`name` AS `name`,`n`.`text` AS `text`,`n`.`date` AS `date` from (`news` `n` join `users` `u` on((`n`.`author` = `u`.`id`)));

-- 2018-12-07 23:00:15
